<?xml version="1.0" encoding="us-ascii" standalone="no"?>
<!--XBRL document created with Bowne Tagger XBRL Enabler by Bowne Software version 10.0.0.71-->
<!--Based on XBRL 2.1-->
<linkbase xmlns="http://www.xbrl.org/2003/linkbase" xmlns:xsi="http://www.w3.org/2001/XMLSchema-instance" xmlns:xlink="http://www.w3.org/1999/xlink" xsi:schemaLocation="http://www.xbrl.org/2003/linkbase http://www.xbrl.org/2003/xbrl-linkbase-2003-12-31.xsd">
  <roleRef xlink:type="simple" xlink:href="swks-20101001.xsd#StatementsOfOperations" roleURI="http://skyworksinc.com/StatementsOfOperations" />
  <roleRef xlink:type="simple" xlink:href="swks-20101001.xsd#BalanceSheets" roleURI="http://skyworksinc.com/role/BalanceSheets" />
  <roleRef xlink:type="simple" xlink:href="swks-20101001.xsd#BalanceSheetsParenthetical" roleURI="http://skyworksinc.com/role/BalanceSheetsParenthetical" />
  <roleRef xlink:type="simple" xlink:href="swks-20101001.xsd#StatementsOfCashFlows" roleURI="http://skyworksinc.com/role/StatementsOfCashFlows" />
  <roleRef xlink:type="simple" xlink:href="swks-20101001.xsd#DescriptionOfBusinessAndBasisOfPresentation" roleURI="http://skyworksinc.com/role/DescriptionOfBusinessAndBasisOfPresentation" />
  <roleRef xlink:type="simple" xlink:href="swks-20101001.xsd#MarketableSecurities" roleURI="http://skyworksinc.com/role/MarketableSecurities" />
  <roleRef xlink:type="simple" xlink:href="swks-20101001.xsd#FinancialInstruments" roleURI="http://skyworksinc.com/role/FinancialInstruments" />
  <roleRef xlink:type="simple" xlink:href="swks-20101001.xsd#PropertyPlantAndEquipment" roleURI="http://skyworksinc.com/role/PropertyPlantAndEquipment" />
  <roleRef xlink:type="simple" xlink:href="swks-20101001.xsd#GoodwillAndIntangibleAssets" roleURI="http://skyworksinc.com/role/GoodwillAndIntangibleAssets" />
  <roleRef xlink:type="simple" xlink:href="swks-20101001.xsd#BorrowingArrangements" roleURI="http://skyworksinc.com/role/BorrowingArrangements" />
  <roleRef xlink:type="simple" xlink:href="swks-20101001.xsd#IncomeTaxes" roleURI="http://skyworksinc.com/role/IncomeTaxes" />
  <roleRef xlink:type="simple" xlink:href="swks-20101001.xsd#EarningsPerShare" roleURI="http://skyworksinc.com/role/EarningsPerShare" />
  <roleRef xlink:type="simple" xlink:href="swks-20101001.xsd#DocumentAndEntityInformation" roleURI="http://skyworksinc.com/role/DocumentAndEntityInformation" />
  <roleRef xlink:type="simple" xlink:href="swks-20101001.xsd#StatementsOfStockholdersEquityAndComprehensiveIncomeLoss" roleURI="http://skyworksinc.com/role/StatementsOfStockholdersEquityAndComprehensiveIncomeLoss" />
  <roleRef xlink:type="simple" xlink:href="swks-20101001.xsd#Inventory" roleURI="http://skyworksinc.com/role/Inventory" />
  <roleRef xlink:type="simple" xlink:href="swks-20101001.xsd#SummaryOfSignificantAccountingPolicies" roleURI="http://skyworksinc.com/role/SummaryOfSignificantAccountingPolicies" />
  <roleRef xlink:type="simple" xlink:href="swks-20101001.xsd#BusinessCombinations" roleURI="http://skyworksinc.com/role/BusinessCombinations" />
  <roleRef xlink:type="simple" xlink:href="swks-20101001.xsd#StockholdersEquity" roleURI="http://skyworksinc.com/role/StockholdersEquity" />
  <roleRef xlink:type="simple" xlink:href="swks-20101001.xsd#SegmentInformationAndConcentrations" roleURI="http://skyworksinc.com/role/SegmentInformationAndConcentrations" />
  <roleRef xlink:type="simple" xlink:href="swks-20101001.xsd#EmployeeBenefitPlanPensionsAndOtherRetireeBenefits" roleURI="http://skyworksinc.com/role/EmployeeBenefitPlanPensionsAndOtherRetireeBenefits" />
  <roleRef xlink:type="simple" xlink:href="swks-20101001.xsd#Commitments" roleURI="http://skyworksinc.com/role/Commitments" />
  <roleRef xlink:type="simple" xlink:href="swks-20101001.xsd#GuaranteesAndIndemnities" roleURI="http://skyworksinc.com/role/GuaranteesAndIndemnities" />
  <roleRef xlink:type="simple" xlink:href="swks-20101001.xsd#RestructuringAndOtherCharges" roleURI="http://skyworksinc.com/role/RestructuringAndOtherCharges" />
  <roleRef xlink:type="simple" xlink:href="swks-20101001.xsd#QuarterlyFinancialData" roleURI="http://skyworksinc.com/role/QuarterlyFinancialData" />
  <roleRef xlink:type="simple" xlink:href="swks-20101001.xsd#ValuationAndQualifyingAccounts" roleURI="http://skyworksinc.com/role/ValuationAndQualifyingAccounts" />
  <roleRef xlink:type="simple" xlink:href="swks-20101001.xsd#Contingencies" roleURI="http://skyworksinc.com/role/Contingencies" />
  <presentationLink xlink:type="extended" xlink:role="http://skyworksinc.com/StatementsOfOperations" xlink:title="0110 - Statement - Consolidated Statements of Operations">
    <loc xlink:type="locator" xlink:href="http://taxonomies.xbrl.us/us-gaap/2009/elts/us-gaap-2009-01-31.xsd#us-gaap_IncomeStatementAbstract" xlink:label="loc_IncomeStatementAbstract" />
    <loc xlink:type="locator" xlink:href="http://taxonomies.xbrl.us/us-gaap/2009/elts/us-gaap-2009-01-31.xsd#us-gaap_OperatingExpensesAbstract" xlink:label="loc_OperatingExpensesAbstract" />
    <presentationArc xlink:type="arc" xlink:arcrole="http://www.xbrl.org/2003/arcrole/parent-child" xlink:from="loc_IncomeStatementAbstract" xlink:to="loc_OperatingExpensesAbstract" order="20" use="optional" preferredLabel="http://www.xbrl.org/2003/role/verboseLabel" priority="1" />
    <loc xlink:type="locator" xlink:href="http://taxonomies.xbrl.us/us-gaap/2009/elts/us-gaap-2009-01-31.xsd#us-gaap_WeightedAverageNumberOfDilutedSharesOutstanding" xlink:label="loc_WeightedAverageNumberOfDilutedSharesOutstanding" />
    <presentationArc xlink:type="arc" xlink:arcrole="http://www.xbrl.org/2003/arcrole/parent-child" xlink:from="loc_IncomeStatementAbstract" xlink:to="loc_WeightedAverageNumberOfDilutedSharesOutstanding" order="40" use="optional" preferredLabel="http://www.xbrl.org/2003/role/totalLabel" priority="1" />
    <loc xlink:type="locator" xlink:href="http://taxonomies.xbrl.us/us-gaap/2009/elts/us-gaap-2009-01-31.xsd#us-gaap_WeightedAverageNumberOfSharesOutstandingBasic" xlink:label="loc_WeightedAverageNumberOfSharesOutstandingBasic" />
    <presentationArc xlink:type="arc" xlink:arcrole="http://www.xbrl.org/2003/arcrole/parent-child" xlink:from="loc_IncomeStatementAbstract" xlink:to="loc_WeightedAverageNumberOfSharesOutstandingBasic" order="30" use="optional" preferredLabel="http://www.xbrl.org/2003/role/totalLabel" priority="1" />
    <loc xlink:type="locator" xlink:href="http://taxonomies.xbrl.us/us-gaap/2009/elts/us-gaap-2009-01-31.xsd#us-gaap_EarningsPerShareAbstract" xlink:label="loc_EarningsPerShareAbstract" />
    <presentationArc xlink:type="arc" xlink:arcrole="http://www.xbrl.org/2003/arcrole/parent-child" xlink:from="loc_IncomeStatementAbstract" xlink:to="loc_EarningsPerShareAbstract" order="21.25" use="optional" preferredLabel="http://www.xbrl.org/2003/role/verboseLabel" priority="1" />
    <loc xlink:type="locator" xlink:href="http://taxonomies.xbrl.us/us-gaap/2009/elts/us-gaap-2009-01-31.xsd#us-gaap_EarningsPerShareBasic" xlink:label="loc_EarningsPerShareBasic" />
    <presentationArc xlink:type="arc" xlink:arcrole="http://www.xbrl.org/2003/arcrole/parent-child" xlink:from="loc_EarningsPerShareAbstract" xlink:to="loc_EarningsPerShareBasic" order="20" use="optional" preferredLabel="http://www.xbrl.org/2003/role/totalLabel" priority="1" />
    <loc xlink:type="locator" xlink:href="http://taxonomies.xbrl.us/us-gaap/2009/elts/us-gaap-2009-01-31.xsd#us-gaap_EarningsPerShareDiluted" xlink:label="loc_EarningsPerShareDiluted" />
    <presentationArc xlink:type="arc" xlink:arcrole="http://www.xbrl.org/2003/arcrole/parent-child" xlink:from="loc_EarningsPerShareAbstract" xlink:to="loc_EarningsPerShareDiluted" order="40" use="optional" preferredLabel="http://www.xbrl.org/2003/role/totalLabel" priority="1" />
    <loc xlink:type="locator" xlink:href="http://taxonomies.xbrl.us/us-gaap/2009/elts/us-gaap-2009-01-31.xsd#us-gaap_NetIncomeLoss" xlink:label="loc_NetIncomeLoss" />
    <presentationArc xlink:type="arc" xlink:arcrole="http://www.xbrl.org/2003/arcrole/parent-child" xlink:from="loc_IncomeStatementAbstract" xlink:to="loc_NetIncomeLoss" order="20.625" use="optional" preferredLabel="http://www.xbrl.org/2003/role/totalLabel" priority="1" />
    <loc xlink:type="locator" xlink:href="http://taxonomies.xbrl.us/us-gaap/2009/elts/us-gaap-2009-01-31.xsd#us-gaap_IncomeLossFromContinuingOperationsBeforeIncomeTaxesMinorityInterestAndIncomeLossFromEquityMethodInvestments" xlink:label="loc_IncomeLossFromContinuingOperationsBeforeIncomeTaxesMinorityInterestAndIncomeLossFromEquityMethodInvestments" />
    <presentationArc xlink:type="arc" xlink:arcrole="http://www.xbrl.org/2003/arcrole/parent-child" xlink:from="loc_IncomeStatementAbstract" xlink:to="loc_IncomeLossFromContinuingOperationsBeforeIncomeTaxesMinorityInterestAndIncomeLossFromEquityMethodInvestments" order="20.15625" use="optional" preferredLabel="http://www.xbrl.org/2003/role/verboseLabel" priority="1" />
    <loc xlink:type="locator" xlink:href="http://taxonomies.xbrl.us/us-gaap/2009/elts/us-gaap-2009-01-31.xsd#us-gaap_OtherNonoperatingIncomeExpense" xlink:label="loc_OtherNonoperatingIncomeExpense" />
    <presentationArc xlink:type="arc" xlink:arcrole="http://www.xbrl.org/2003/arcrole/parent-child" xlink:from="loc_IncomeStatementAbstract" xlink:to="loc_OtherNonoperatingIncomeExpense" order="20.078125" use="optional" preferredLabel="http://www.xbrl.org/2003/role/totalLabel" priority="1" />
    <loc xlink:type="locator" xlink:href="http://taxonomies.xbrl.us/us-gaap/2009/elts/us-gaap-2009-01-31.xsd#us-gaap_GainsLossesOnExtinguishmentOfDebt" xlink:label="loc_GainsLossesOnExtinguishmentOfDebt" />
    <presentationArc xlink:type="arc" xlink:arcrole="http://www.xbrl.org/2003/arcrole/parent-child" xlink:from="loc_IncomeStatementAbstract" xlink:to="loc_GainsLossesOnExtinguishmentOfDebt" order="20.0390625" use="optional" preferredLabel="http://www.xbrl.org/2003/role/verboseLabel" priority="1" />
    <loc xlink:type="locator" xlink:href="http://taxonomies.xbrl.us/us-gaap/2009/elts/us-gaap-2009-01-31.xsd#us-gaap_InterestExpense" xlink:label="loc_InterestExpense" />
    <presentationArc xlink:type="arc" xlink:arcrole="http://www.xbrl.org/2003/arcrole/parent-child" xlink:from="loc_IncomeStatementAbstract" xlink:to="loc_InterestExpense" order="20.01953125" use="optional" preferredLabel="http://xbrl.us/us-gaap/role/label/negated" priority="1" />
    <loc xlink:type="locator" xlink:href="http://taxonomies.xbrl.us/us-gaap/2009/elts/us-gaap-2009-01-31.xsd#us-gaap_OperatingIncomeLoss" xlink:label="loc_OperatingIncomeLoss" />
    <presentationArc xlink:type="arc" xlink:arcrole="http://www.xbrl.org/2003/arcrole/parent-child" xlink:from="loc_IncomeStatementAbstract" xlink:to="loc_OperatingIncomeLoss" order="20.009765625" use="optional" preferredLabel="http://www.xbrl.org/2003/role/verboseLabel" priority="1" />
    <loc xlink:type="locator" xlink:href="http://taxonomies.xbrl.us/us-gaap/2009/elts/us-gaap-2009-01-31.xsd#us-gaap_OperatingExpenses" xlink:label="loc_OperatingExpenses" />
    <presentationArc xlink:type="arc" xlink:arcrole="http://www.xbrl.org/2003/arcrole/parent-child" xlink:from="loc_OperatingExpensesAbstract" xlink:to="loc_OperatingExpenses" order="20" use="optional" preferredLabel="http://www.xbrl.org/2003/role/totalLabel" priority="1" />
    <loc xlink:type="locator" xlink:href="http://taxonomies.xbrl.us/us-gaap/2009/elts/us-gaap-2009-01-31.xsd#us-gaap_AmortizationOfIntangibleAssets" xlink:label="loc_AmortizationOfIntangibleAssets" />
    <presentationArc xlink:type="arc" xlink:arcrole="http://www.xbrl.org/2003/arcrole/parent-child" xlink:from="loc_OperatingExpensesAbstract" xlink:to="loc_AmortizationOfIntangibleAssets" order="10" use="optional" preferredLabel="http://www.xbrl.org/2003/role/verboseLabel" priority="1" />
    <loc xlink:type="locator" xlink:href="http://taxonomies.xbrl.us/us-gaap/2009/elts/us-gaap-2009-01-31.xsd#us-gaap_SellingGeneralAndAdministrativeExpense" xlink:label="loc_SellingGeneralAndAdministrativeExpense" />
    <presentationArc xlink:type="arc" xlink:arcrole="http://www.xbrl.org/2003/arcrole/parent-child" xlink:from="loc_OperatingExpensesAbstract" xlink:to="loc_SellingGeneralAndAdministrativeExpense" order="5" use="optional" preferredLabel="http://www.xbrl.org/2003/role/verboseLabel" priority="1" />
    <loc xlink:type="locator" xlink:href="http://taxonomies.xbrl.us/us-gaap/2009/elts/us-gaap-2009-01-31.xsd#us-gaap_ResearchAndDevelopmentExpense" xlink:label="loc_ResearchAndDevelopmentExpense" />
    <presentationArc xlink:type="arc" xlink:arcrole="http://www.xbrl.org/2003/arcrole/parent-child" xlink:from="loc_OperatingExpensesAbstract" xlink:to="loc_ResearchAndDevelopmentExpense" order="2.5" use="optional" preferredLabel="http://www.xbrl.org/2003/role/verboseLabel" priority="1" />
    <loc xlink:type="locator" xlink:href="http://taxonomies.xbrl.us/us-gaap/2009/elts/us-gaap-2009-01-31.xsd#us-gaap_GrossProfit" xlink:label="loc_GrossProfit" />
    <presentationArc xlink:type="arc" xlink:arcrole="http://www.xbrl.org/2003/arcrole/parent-child" xlink:from="loc_IncomeStatementAbstract" xlink:to="loc_GrossProfit" order="10" use="optional" preferredLabel="http://www.xbrl.org/2003/role/verboseLabel" priority="1" />
    <loc xlink:type="locator" xlink:href="http://taxonomies.xbrl.us/us-gaap/2009/elts/us-gaap-2009-01-31.xsd#us-gaap_CostOfGoodsSold" xlink:label="loc_CostOfGoodsSold" />
    <presentationArc xlink:type="arc" xlink:arcrole="http://www.xbrl.org/2003/arcrole/parent-child" xlink:from="loc_IncomeStatementAbstract" xlink:to="loc_CostOfGoodsSold" order="5" use="optional" preferredLabel="http://www.xbrl.org/2003/role/totalLabel" priority="1" />
    <loc xlink:type="locator" xlink:href="http://taxonomies.xbrl.us/us-gaap/2009/elts/us-gaap-2009-01-31.xsd#us-gaap_IncomeTaxExpenseBenefit" xlink:label="loc_IncomeTaxExpenseBenefit" />
    <presentationArc xlink:type="arc" xlink:arcrole="http://www.xbrl.org/2003/arcrole/parent-child" xlink:from="loc_IncomeStatementAbstract" xlink:to="loc_IncomeTaxExpenseBenefit" order="20.234375" use="optional" preferredLabel="http://www.xbrl.org/2003/role/totalLabel" />
    <loc xlink:type="locator" xlink:href="http://taxonomies.xbrl.us/us-gaap/2009/elts/us-gaap-2009-01-31.xsd#us-gaap_SalesRevenueNet" xlink:label="loc_SalesRevenueNet" />
    <presentationArc xlink:type="arc" xlink:arcrole="http://www.xbrl.org/2003/arcrole/parent-child" xlink:from="loc_IncomeStatementAbstract" xlink:to="loc_SalesRevenueNet" order="3.4375" use="optional" preferredLabel="http://www.xbrl.org/2003/role/verboseLabel" priority="1" />
    <loc xlink:type="locator" xlink:href="http://taxonomies.xbrl.us/us-gaap/2009/elts/us-gaap-2009-01-31.xsd#us-gaap_RestructuringCharges" xlink:label="loc_RestructuringCharges" />
    <presentationArc xlink:type="arc" xlink:arcrole="http://www.xbrl.org/2003/arcrole/parent-child" xlink:from="loc_OperatingExpensesAbstract" xlink:to="loc_RestructuringCharges" order="15" use="optional" preferredLabel="http://www.xbrl.org/2003/role/totalLabel" priority="1" />
  </presentationLink>
  <presentationLink xlink:type="extended" xlink:role="http://skyworksinc.com/role/BalanceSheets" xlink:title="0120 - Statement - Consolidated Balance Sheets">
    <loc xlink:type="locator" xlink:href="http://taxonomies.xbrl.us/us-gaap/2009/elts/us-gaap-2009-01-31.xsd#us-gaap_StatementOfFinancialPositionAbstract" xlink:label="loc_StatementOfFinancialPositionAbstract" />
    <loc xlink:type="locator" xlink:href="http://taxonomies.xbrl.us/us-gaap/2009/elts/us-gaap-2009-01-31.xsd#us-gaap_AssetsAbstract" xlink:label="loc_AssetsAbstract" />
    <presentationArc xlink:type="arc" xlink:arcrole="http://www.xbrl.org/2003/arcrole/parent-child" xlink:from="loc_StatementOfFinancialPositionAbstract" xlink:to="loc_AssetsAbstract" order="20" use="optional" preferredLabel="http://www.xbrl.org/2003/role/verboseLabel" priority="1" />
    <loc xlink:type="locator" xlink:href="http://taxonomies.xbrl.us/us-gaap/2009/elts/us-gaap-2009-01-31.xsd#us-gaap_AssetsCurrentAbstract" xlink:label="loc_AssetsCurrentAbstract" />
    <presentationArc xlink:type="arc" xlink:arcrole="http://www.xbrl.org/2003/arcrole/parent-child" xlink:from="loc_AssetsAbstract" xlink:to="loc_AssetsCurrentAbstract" order="20" use="optional" preferredLabel="http://www.xbrl.org/2003/role/verboseLabel" priority="1" />
    <loc xlink:type="locator" xlink:href="http://taxonomies.xbrl.us/us-gaap/2009/elts/us-gaap-2009-01-31.xsd#us-gaap_LiabilitiesAndStockholdersEquityAbstract" xlink:label="loc_LiabilitiesAndStockholdersEquityAbstract" />
    <presentationArc xlink:type="arc" xlink:arcrole="http://www.xbrl.org/2003/arcrole/parent-child" xlink:from="loc_StatementOfFinancialPositionAbstract" xlink:to="loc_LiabilitiesAndStockholdersEquityAbstract" order="40" use="optional" preferredLabel="http://www.xbrl.org/2003/role/verboseLabel" priority="1" />
    <loc xlink:type="locator" xlink:href="http://taxonomies.xbrl.us/us-gaap/2009/elts/us-gaap-2009-01-31.xsd#us-gaap_LiabilitiesCurrentAbstract" xlink:label="loc_LiabilitiesCurrentAbstract" />
    <presentationArc xlink:type="arc" xlink:arcrole="http://www.xbrl.org/2003/arcrole/parent-child" xlink:from="loc_LiabilitiesAndStockholdersEquityAbstract" xlink:to="loc_LiabilitiesCurrentAbstract" order="20" use="optional" preferredLabel="http://www.xbrl.org/2003/role/verboseLabel" priority="1" />
    <loc xlink:type="locator" xlink:href="http://taxonomies.xbrl.us/us-gaap/2009/elts/us-gaap-2009-01-31.xsd#us-gaap_StockholdersEquityAbstract" xlink:label="loc_StockholdersEquityAbstract" />
    <presentationArc xlink:type="arc" xlink:arcrole="http://www.xbrl.org/2003/arcrole/parent-child" xlink:from="loc_LiabilitiesAndStockholdersEquityAbstract" xlink:to="loc_StockholdersEquityAbstract" order="40" use="optional" preferredLabel="http://www.xbrl.org/2003/role/verboseLabel" priority="1" />
    <loc xlink:type="locator" xlink:href="http://taxonomies.xbrl.us/us-gaap/2009/elts/us-gaap-2009-01-31.xsd#us-gaap_LiabilitiesAndStockholdersEquity" xlink:label="loc_LiabilitiesAndStockholdersEquity" />
    <presentationArc xlink:type="arc" xlink:arcrole="http://www.xbrl.org/2003/arcrole/parent-child" xlink:from="loc_LiabilitiesAndStockholdersEquityAbstract" xlink:to="loc_LiabilitiesAndStockholdersEquity" order="60" use="optional" preferredLabel="http://www.xbrl.org/2003/role/totalLabel" priority="1" />
    <loc xlink:type="locator" xlink:href="http://taxonomies.xbrl.us/us-gaap/2009/elts/us-gaap-2009-01-31.xsd#us-gaap_StockholdersEquity" xlink:label="loc_StockholdersEquity" />
    <presentationArc xlink:type="arc" xlink:arcrole="http://www.xbrl.org/2003/arcrole/parent-child" xlink:from="loc_StockholdersEquityAbstract" xlink:to="loc_StockholdersEquity" order="20" use="optional" preferredLabel="http://www.xbrl.org/2003/role/totalLabel" priority="1" />
    <loc xlink:type="locator" xlink:href="http://taxonomies.xbrl.us/us-gaap/2009/elts/us-gaap-2009-01-31.xsd#us-gaap_AccumulatedOtherComprehensiveIncomeLossNetOfTax" xlink:label="loc_AccumulatedOtherComprehensiveIncomeLossNetOfTax" />
    <presentationArc xlink:type="arc" xlink:arcrole="http://www.xbrl.org/2003/arcrole/parent-child" xlink:from="loc_StockholdersEquityAbstract" xlink:to="loc_AccumulatedOtherComprehensiveIncomeLossNetOfTax" order="10" use="optional" preferredLabel="http://www.xbrl.org/2003/role/totalLabel" priority="1" />
    <loc xlink:type="locator" xlink:href="http://taxonomies.xbrl.us/us-gaap/2009/elts/us-gaap-2009-01-31.xsd#us-gaap_RetainedEarningsAccumulatedDeficit" xlink:label="loc_RetainedEarningsAccumulatedDeficit" />
    <presentationArc xlink:type="arc" xlink:arcrole="http://www.xbrl.org/2003/arcrole/parent-child" xlink:from="loc_StockholdersEquityAbstract" xlink:to="loc_RetainedEarningsAccumulatedDeficit" order="5" use="optional" preferredLabel="http://www.xbrl.org/2003/role/verboseLabel" priority="1" />
    <loc xlink:type="locator" xlink:href="http://taxonomies.xbrl.us/us-gaap/2009/elts/us-gaap-2009-01-31.xsd#us-gaap_TreasuryStockValue" xlink:label="loc_TreasuryStockValue" />
    <presentationArc xlink:type="arc" xlink:arcrole="http://www.xbrl.org/2003/arcrole/parent-child" xlink:from="loc_StockholdersEquityAbstract" xlink:to="loc_TreasuryStockValue" order="2.5" use="optional" preferredLabel="http://xbrl.us/us-gaap/role/label/negated" priority="1" />
    <loc xlink:type="locator" xlink:href="http://taxonomies.xbrl.us/us-gaap/2009/elts/us-gaap-2009-01-31.xsd#us-gaap_AdditionalPaidInCapitalCommonStock" xlink:label="loc_AdditionalPaidInCapitalCommonStock" />
    <presentationArc xlink:type="arc" xlink:arcrole="http://www.xbrl.org/2003/arcrole/parent-child" xlink:from="loc_StockholdersEquityAbstract" xlink:to="loc_AdditionalPaidInCapitalCommonStock" order="1.25" use="optional" preferredLabel="http://www.xbrl.org/2003/role/verboseLabel" priority="1" />
    <loc xlink:type="locator" xlink:href="http://taxonomies.xbrl.us/us-gaap/2009/elts/us-gaap-2009-01-31.xsd#us-gaap_PreferredStockValue" xlink:label="loc_PreferredStockValue" />
    <presentationArc xlink:type="arc" xlink:arcrole="http://www.xbrl.org/2003/arcrole/parent-child" xlink:from="loc_StockholdersEquityAbstract" xlink:to="loc_PreferredStockValue" order="0.3125" use="optional" preferredLabel="http://www.xbrl.org/2003/role/verboseLabel" priority="1" />
    <loc xlink:type="locator" xlink:href="http://taxonomies.xbrl.us/us-gaap/2009/elts/us-gaap-2009-01-31.xsd#us-gaap_CommitmentsAndContingencies2009" xlink:label="loc_CommitmentsAndContingencies2009" />
    <presentationArc xlink:type="arc" xlink:arcrole="http://www.xbrl.org/2003/arcrole/parent-child" xlink:from="loc_LiabilitiesAndStockholdersEquityAbstract" xlink:to="loc_CommitmentsAndContingencies2009" order="30" use="optional" preferredLabel="http://www.xbrl.org/2003/role/verboseLabel" priority="1" />
    <loc xlink:type="locator" xlink:href="http://taxonomies.xbrl.us/us-gaap/2009/elts/us-gaap-2009-01-31.xsd#us-gaap_Liabilities" xlink:label="loc_Liabilities" />
    <presentationArc xlink:type="arc" xlink:arcrole="http://www.xbrl.org/2003/arcrole/parent-child" xlink:from="loc_LiabilitiesAndStockholdersEquityAbstract" xlink:to="loc_Liabilities" order="25" use="optional" preferredLabel="http://www.xbrl.org/2003/role/verboseLabel" priority="1" />
    <loc xlink:type="locator" xlink:href="http://taxonomies.xbrl.us/us-gaap/2009/elts/us-gaap-2009-01-31.xsd#us-gaap_OtherLiabilitiesNoncurrent" xlink:label="loc_OtherLiabilitiesNoncurrent" />
    <presentationArc xlink:type="arc" xlink:arcrole="http://www.xbrl.org/2003/arcrole/parent-child" xlink:from="loc_LiabilitiesAndStockholdersEquityAbstract" xlink:to="loc_OtherLiabilitiesNoncurrent" order="22.5" use="optional" preferredLabel="http://www.xbrl.org/2003/role/totalLabel" priority="1" />
    <loc xlink:type="locator" xlink:href="http://taxonomies.xbrl.us/us-gaap/2009/elts/us-gaap-2009-01-31.xsd#us-gaap_LiabilitiesCurrent" xlink:label="loc_LiabilitiesCurrent" />
    <presentationArc xlink:type="arc" xlink:arcrole="http://www.xbrl.org/2003/arcrole/parent-child" xlink:from="loc_LiabilitiesCurrentAbstract" xlink:to="loc_LiabilitiesCurrent" order="20" use="optional" preferredLabel="http://www.xbrl.org/2003/role/verboseLabel" priority="1" />
    <loc xlink:type="locator" xlink:href="http://taxonomies.xbrl.us/us-gaap/2009/elts/us-gaap-2009-01-31.xsd#us-gaap_OtherLiabilitiesCurrent" xlink:label="loc_OtherLiabilitiesCurrent" />
    <presentationArc xlink:type="arc" xlink:arcrole="http://www.xbrl.org/2003/arcrole/parent-child" xlink:from="loc_LiabilitiesCurrentAbstract" xlink:to="loc_OtherLiabilitiesCurrent" order="10" use="optional" preferredLabel="http://www.xbrl.org/2003/role/totalLabel" priority="1" />
    <loc xlink:type="locator" xlink:href="http://taxonomies.xbrl.us/us-gaap/2009/elts/us-gaap-2009-01-31.xsd#us-gaap_AccountsPayableCurrent" xlink:label="loc_AccountsPayableCurrent" />
    <presentationArc xlink:type="arc" xlink:arcrole="http://www.xbrl.org/2003/arcrole/parent-child" xlink:from="loc_LiabilitiesCurrentAbstract" xlink:to="loc_AccountsPayableCurrent" order="5" use="optional" preferredLabel="http://www.xbrl.org/2003/role/verboseLabel" priority="1" />
    <loc xlink:type="locator" xlink:href="http://taxonomies.xbrl.us/us-gaap/2009/elts/us-gaap-2009-01-31.xsd#us-gaap_DebtCurrent" xlink:label="loc_DebtCurrent" />
    <presentationArc xlink:type="arc" xlink:arcrole="http://www.xbrl.org/2003/arcrole/parent-child" xlink:from="loc_LiabilitiesCurrentAbstract" xlink:to="loc_DebtCurrent" order="2.5" use="optional" preferredLabel="http://www.xbrl.org/2003/role/verboseLabel" priority="1" />
    <loc xlink:type="locator" xlink:href="http://taxonomies.xbrl.us/us-gaap/2009/elts/us-gaap-2009-01-31.xsd#us-gaap_Assets" xlink:label="loc_Assets" />
    <presentationArc xlink:type="arc" xlink:arcrole="http://www.xbrl.org/2003/arcrole/parent-child" xlink:from="loc_AssetsAbstract" xlink:to="loc_Assets" order="40" use="optional" preferredLabel="http://www.xbrl.org/2003/role/totalLabel" priority="1" />
    <loc xlink:type="locator" xlink:href="http://taxonomies.xbrl.us/us-gaap/2009/elts/us-gaap-2009-01-31.xsd#us-gaap_OtherAssetsNoncurrent" xlink:label="loc_OtherAssetsNoncurrent" />
    <presentationArc xlink:type="arc" xlink:arcrole="http://www.xbrl.org/2003/arcrole/parent-child" xlink:from="loc_AssetsAbstract" xlink:to="loc_OtherAssetsNoncurrent" order="30" use="optional" preferredLabel="http://www.xbrl.org/2003/role/totalLabel" priority="1" />
    <loc xlink:type="locator" xlink:href="http://taxonomies.xbrl.us/us-gaap/2009/elts/us-gaap-2009-01-31.xsd#us-gaap_DeferredTaxAssetsNetNoncurrent" xlink:label="loc_DeferredTaxAssetsNetNoncurrent" />
    <presentationArc xlink:type="arc" xlink:arcrole="http://www.xbrl.org/2003/arcrole/parent-child" xlink:from="loc_AssetsAbstract" xlink:to="loc_DeferredTaxAssetsNetNoncurrent" order="25" use="optional" preferredLabel="http://www.xbrl.org/2003/role/verboseLabel" priority="1" />
    <loc xlink:type="locator" xlink:href="http://taxonomies.xbrl.us/us-gaap/2009/elts/us-gaap-2009-01-31.xsd#us-gaap_IntangibleAssetsNetExcludingGoodwill" xlink:label="loc_IntangibleAssetsNetExcludingGoodwill" />
    <presentationArc xlink:type="arc" xlink:arcrole="http://www.xbrl.org/2003/arcrole/parent-child" xlink:from="loc_AssetsAbstract" xlink:to="loc_IntangibleAssetsNetExcludingGoodwill" order="22.5" use="optional" preferredLabel="http://www.xbrl.org/2003/role/verboseLabel" priority="1" />
    <loc xlink:type="locator" xlink:href="http://taxonomies.xbrl.us/us-gaap/2009/elts/us-gaap-2009-01-31.xsd#us-gaap_Goodwill" xlink:label="loc_Goodwill" />
    <presentationArc xlink:type="arc" xlink:arcrole="http://www.xbrl.org/2003/arcrole/parent-child" xlink:from="loc_AssetsAbstract" xlink:to="loc_Goodwill" order="21.25" use="optional" preferredLabel="http://www.xbrl.org/2003/role/verboseLabel" priority="1" />
    <loc xlink:type="locator" xlink:href="http://taxonomies.xbrl.us/us-gaap/2009/elts/us-gaap-2009-01-31.xsd#us-gaap_PropertyPlantAndEquipmentNet" xlink:label="loc_PropertyPlantAndEquipmentNet" />
    <presentationArc xlink:type="arc" xlink:arcrole="http://www.xbrl.org/2003/arcrole/parent-child" xlink:from="loc_AssetsAbstract" xlink:to="loc_PropertyPlantAndEquipmentNet" order="20.625" use="optional" preferredLabel="http://www.xbrl.org/2003/role/verboseLabel" priority="1" />
    <loc xlink:type="locator" xlink:href="http://taxonomies.xbrl.us/us-gaap/2009/elts/us-gaap-2009-01-31.xsd#us-gaap_AssetsCurrent" xlink:label="loc_AssetsCurrent" />
    <presentationArc xlink:type="arc" xlink:arcrole="http://www.xbrl.org/2003/arcrole/parent-child" xlink:from="loc_AssetsCurrentAbstract" xlink:to="loc_AssetsCurrent" order="20" use="optional" preferredLabel="http://www.xbrl.org/2003/role/verboseLabel" priority="1" />
    <loc xlink:type="locator" xlink:href="http://taxonomies.xbrl.us/us-gaap/2009/elts/us-gaap-2009-01-31.xsd#us-gaap_InventoryNet" xlink:label="loc_InventoryNet" />
    <presentationArc xlink:type="arc" xlink:arcrole="http://www.xbrl.org/2003/arcrole/parent-child" xlink:from="loc_AssetsCurrentAbstract" xlink:to="loc_InventoryNet" order="5" use="optional" preferredLabel="http://www.xbrl.org/2003/role/verboseLabel" priority="1" />
    <loc xlink:type="locator" xlink:href="http://taxonomies.xbrl.us/us-gaap/2009/elts/us-gaap-2009-01-31.xsd#us-gaap_RestrictedCashAndCashEquivalentsAtCarryingValue" xlink:label="loc_RestrictedCashAndCashEquivalentsAtCarryingValue" />
    <presentationArc xlink:type="arc" xlink:arcrole="http://www.xbrl.org/2003/arcrole/parent-child" xlink:from="loc_AssetsCurrentAbstract" xlink:to="loc_RestrictedCashAndCashEquivalentsAtCarryingValue" order="1.25" use="optional" preferredLabel="http://www.xbrl.org/2003/role/verboseLabel" priority="1" />
    <loc xlink:type="locator" xlink:href="http://taxonomies.xbrl.us/us-gaap/2009/elts/us-gaap-2009-01-31.xsd#us-gaap_CashAndCashEquivalentsAtCarryingValue" xlink:label="loc_CashAndCashEquivalentsAtCarryingValue" />
    <presentationArc xlink:type="arc" xlink:arcrole="http://www.xbrl.org/2003/arcrole/parent-child" xlink:from="loc_AssetsCurrentAbstract" xlink:to="loc_CashAndCashEquivalentsAtCarryingValue" order="0.625" use="optional" preferredLabel="http://www.xbrl.org/2003/role/verboseLabel" priority="1" />
    <loc xlink:type="locator" xlink:href="http://taxonomies.xbrl.us/us-gaap/2009/elts/us-gaap-2009-01-31.xsd#us-gaap_ReceivablesNetCurrent" xlink:label="loc_ReceivablesNetCurrent" />
    <presentationArc xlink:type="arc" xlink:arcrole="http://www.xbrl.org/2003/arcrole/parent-child" xlink:from="loc_AssetsCurrentAbstract" xlink:to="loc_ReceivablesNetCurrent" order="1.875" use="optional" preferredLabel="http://www.xbrl.org/2003/role/verboseLabel" priority="1" />
    <loc xlink:type="locator" xlink:href="http://taxonomies.xbrl.us/us-gaap/2009/elts/us-gaap-2009-01-31.xsd#us-gaap_EmployeeRelatedLiabilitiesCurrent" xlink:label="loc_EmployeeRelatedLiabilitiesCurrent" />
    <presentationArc xlink:type="arc" xlink:arcrole="http://www.xbrl.org/2003/arcrole/parent-child" xlink:from="loc_LiabilitiesCurrentAbstract" xlink:to="loc_EmployeeRelatedLiabilitiesCurrent" order="6.25" use="optional" preferredLabel="http://www.xbrl.org/2003/role/verboseLabel" priority="1" />
    <loc xlink:type="locator" xlink:href="http://taxonomies.xbrl.us/us-gaap/2009/elts/us-gaap-2009-01-31.xsd#us-gaap_ConvertibleLongTermNotesPayable" xlink:label="loc_ConvertibleLongTermNotesPayable" />
    <presentationArc xlink:type="arc" xlink:arcrole="http://www.xbrl.org/2003/arcrole/parent-child" xlink:from="loc_LiabilitiesAndStockholdersEquityAbstract" xlink:to="loc_ConvertibleLongTermNotesPayable" order="20.625" use="optional" preferredLabel="http://www.xbrl.org/2003/role/verboseLabel" priority="1" />
    <loc xlink:type="locator" xlink:href="http://taxonomies.xbrl.us/us-gaap/2009/elts/us-gaap-2009-01-31.xsd#us-gaap_CommonStockValue" xlink:label="loc_CommonStockValue" />
    <presentationArc xlink:type="arc" xlink:arcrole="http://www.xbrl.org/2003/arcrole/parent-child" xlink:from="loc_StockholdersEquityAbstract" xlink:to="loc_CommonStockValue" order="0.859375" use="optional" preferredLabel="http://www.xbrl.org/2003/role/verboseLabel" priority="1" />
    <loc xlink:type="locator" xlink:href="http://taxonomies.xbrl.us/us-gaap/2009/elts/us-gaap-2009-01-31.xsd#us-gaap_OtherAssetsCurrent" xlink:label="loc_OtherAssetsCurrent" />
    <presentationArc xlink:type="arc" xlink:arcrole="http://www.xbrl.org/2003/arcrole/parent-child" xlink:from="loc_AssetsCurrentAbstract" xlink:to="loc_OtherAssetsCurrent" order="10.9375" use="optional" preferredLabel="http://www.xbrl.org/2003/role/totalLabel" priority="1" />
  </presentationLink>
  <presentationLink xlink:type="extended" xlink:role="http://skyworksinc.com/role/BalanceSheetsParenthetical" xlink:title="0121 - Statement - Consolidated Balance Sheets (Parenthetical)">
    <loc xlink:type="locator" xlink:href="http://taxonomies.xbrl.us/us-gaap/2009/elts/us-gaap-2009-01-31.xsd#us-gaap_StatementOfFinancialPositionAbstract" xlink:label="loc_StatementOfFinancialPositionAbstract" />
    <loc xlink:type="locator" xlink:href="http://taxonomies.xbrl.us/us-gaap/2009/elts/us-gaap-2009-01-31.xsd#us-gaap_AssetsCurrentAbstract" xlink:label="loc_AssetsCurrentAbstract" />
    <presentationArc xlink:type="arc" xlink:arcrole="http://www.xbrl.org/2003/arcrole/parent-child" xlink:from="loc_StatementOfFinancialPositionAbstract" xlink:to="loc_AssetsCurrentAbstract" order="10" use="optional" preferredLabel="http://www.xbrl.org/2003/role/verboseLabel" priority="1" />
    <loc xlink:type="locator" xlink:href="http://taxonomies.xbrl.us/us-gaap/2009/elts/us-gaap-2009-01-31.xsd#us-gaap_AllowanceForDoubtfulAccountsReceivableCurrent" xlink:label="loc_AllowanceForDoubtfulAccountsReceivableCurrent" />
    <presentationArc xlink:type="arc" xlink:arcrole="http://www.xbrl.org/2003/arcrole/parent-child" xlink:from="loc_AssetsCurrentAbstract" xlink:to="loc_AllowanceForDoubtfulAccountsReceivableCurrent" order="20" use="optional" preferredLabel="http://www.xbrl.org/2003/role/verboseLabel" priority="1" />
    <loc xlink:type="locator" xlink:href="http://taxonomies.xbrl.us/us-gaap/2009/elts/us-gaap-2009-01-31.xsd#us-gaap_StockholdersEquityAbstract" xlink:label="loc_StockholdersEquityAbstract" />
    <presentationArc xlink:type="arc" xlink:arcrole="http://www.xbrl.org/2003/arcrole/parent-child" xlink:from="loc_StatementOfFinancialPositionAbstract" xlink:to="loc_StockholdersEquityAbstract" order="15" use="optional" preferredLabel="http://www.xbrl.org/2003/role/verboseLabel" priority="1" />
    <loc xlink:type="locator" xlink:href="http://taxonomies.xbrl.us/us-gaap/2009/elts/us-gaap-2009-01-31.xsd#us-gaap_PreferredStockNoParValue" xlink:label="loc_PreferredStockNoParValue" />
    <presentationArc xlink:type="arc" xlink:arcrole="http://www.xbrl.org/2003/arcrole/parent-child" xlink:from="loc_StockholdersEquityAbstract" xlink:to="loc_PreferredStockNoParValue" order="20" use="optional" preferredLabel="http://www.xbrl.org/2003/role/verboseLabel" priority="1" />
    <loc xlink:type="locator" xlink:href="http://taxonomies.xbrl.us/us-gaap/2009/elts/us-gaap-2009-01-31.xsd#us-gaap_PreferredStockSharesAuthorized" xlink:label="loc_PreferredStockSharesAuthorized" />
    <presentationArc xlink:type="arc" xlink:arcrole="http://www.xbrl.org/2003/arcrole/parent-child" xlink:from="loc_StockholdersEquityAbstract" xlink:to="loc_PreferredStockSharesAuthorized" order="40" use="optional" preferredLabel="http://www.xbrl.org/2003/role/verboseLabel" priority="1" />
    <loc xlink:type="locator" xlink:href="http://taxonomies.xbrl.us/us-gaap/2009/elts/us-gaap-2009-01-31.xsd#us-gaap_PreferredStockSharesIssued" xlink:label="loc_PreferredStockSharesIssued" />
    <presentationArc xlink:type="arc" xlink:arcrole="http://www.xbrl.org/2003/arcrole/parent-child" xlink:from="loc_StockholdersEquityAbstract" xlink:to="loc_PreferredStockSharesIssued" order="60" use="optional" preferredLabel="http://www.xbrl.org/2003/role/verboseLabel" priority="1" />
    <loc xlink:type="locator" xlink:href="http://taxonomies.xbrl.us/us-gaap/2009/elts/us-gaap-2009-01-31.xsd#us-gaap_CommonStockParOrStatedValuePerShare" xlink:label="loc_CommonStockParOrStatedValuePerShare" />
    <presentationArc xlink:type="arc" xlink:arcrole="http://www.xbrl.org/2003/arcrole/parent-child" xlink:from="loc_StockholdersEquityAbstract" xlink:to="loc_CommonStockParOrStatedValuePerShare" order="80" use="optional" preferredLabel="http://www.xbrl.org/2003/role/verboseLabel" priority="1" />
    <loc xlink:type="locator" xlink:href="http://taxonomies.xbrl.us/us-gaap/2009/elts/us-gaap-2009-01-31.xsd#us-gaap_CommonStockSharesAuthorized" xlink:label="loc_CommonStockSharesAuthorized" />
    <presentationArc xlink:type="arc" xlink:arcrole="http://www.xbrl.org/2003/arcrole/parent-child" xlink:from="loc_StockholdersEquityAbstract" xlink:to="loc_CommonStockSharesAuthorized" order="100" use="optional" preferredLabel="http://www.xbrl.org/2003/role/verboseLabel" priority="1" />
    <loc xlink:type="locator" xlink:href="http://taxonomies.xbrl.us/us-gaap/2009/elts/us-gaap-2009-01-31.xsd#us-gaap_CommonStockSharesIssued" xlink:label="loc_CommonStockSharesIssued" />
    <presentationArc xlink:type="arc" xlink:arcrole="http://www.xbrl.org/2003/arcrole/parent-child" xlink:from="loc_StockholdersEquityAbstract" xlink:to="loc_CommonStockSharesIssued" order="120" use="optional" preferredLabel="http://www.xbrl.org/2003/role/verboseLabel" priority="1" />
    <loc xlink:type="locator" xlink:href="http://taxonomies.xbrl.us/us-gaap/2009/elts/us-gaap-2009-01-31.xsd#us-gaap_CommonStockSharesOutstanding" xlink:label="loc_CommonStockSharesOutstanding" />
    <presentationArc xlink:type="arc" xlink:arcrole="http://www.xbrl.org/2003/arcrole/parent-child" xlink:from="loc_StockholdersEquityAbstract" xlink:to="loc_CommonStockSharesOutstanding" order="140" use="optional" preferredLabel="http://www.xbrl.org/2003/role/verboseLabel" priority="1" />
  </presentationLink>
  <presentationLink xlink:type="extended" xlink:role="http://skyworksinc.com/role/StatementsOfCashFlows" xlink:title="0130 - Statement - Consolidated Statements of Cash Flows">
    <loc xlink:type="locator" xlink:href="http://taxonomies.xbrl.us/us-gaap/2009/elts/us-gaap-2009-01-31.xsd#us-gaap_StatementOfCashFlowsAbstract" xlink:label="loc_StatementOfCashFlowsAbstract" />
    <loc xlink:type="locator" xlink:href="http://taxonomies.xbrl.us/us-gaap/2009/elts/us-gaap-2009-01-31.xsd#us-gaap_NetCashProvidedByUsedInOperatingActivitiesAbstract" xlink:label="loc_NetCashProvidedByUsedInOperatingActivitiesAbstract" />
    <presentationArc xlink:type="arc" xlink:arcrole="http://www.xbrl.org/2003/arcrole/parent-child" xlink:from="loc_StatementOfCashFlowsAbstract" xlink:to="loc_NetCashProvidedByUsedInOperatingActivitiesAbstract" order="20" use="optional" preferredLabel="http://www.xbrl.org/2003/role/verboseLabel" />
    <loc xlink:type="locator" xlink:href="http://taxonomies.xbrl.us/us-gaap/2009/elts/us-gaap-2009-01-31.xsd#us-gaap_AdjustmentsToReconcileNetIncomeLossToCashProvidedByUsedInOperatingActivitiesAbstract" xlink:label="loc_AdjustmentsToReconcileNetIncomeLossToCashProvidedByUsedInOperatingActivitiesAbstract" />
    <presentationArc xlink:type="arc" xlink:arcrole="http://www.xbrl.org/2003/arcrole/parent-child" xlink:from="loc_NetCashProvidedByUsedInOperatingActivitiesAbstract" xlink:to="loc_AdjustmentsToReconcileNetIncomeLossToCashProvidedByUsedInOperatingActivitiesAbstract" order="20" use="optional" preferredLabel="http://www.xbrl.org/2003/role/verboseLabel" />
    <loc xlink:type="locator" xlink:href="http://taxonomies.xbrl.us/us-gaap/2009/elts/us-gaap-2009-01-31.xsd#us-gaap_IncreaseDecreaseInOperatingCapitalAbstract" xlink:label="loc_IncreaseDecreaseInOperatingCapitalAbstract" />
    <presentationArc xlink:type="arc" xlink:arcrole="http://www.xbrl.org/2003/arcrole/parent-child" xlink:from="loc_AdjustmentsToReconcileNetIncomeLossToCashProvidedByUsedInOperatingActivitiesAbstract" xlink:to="loc_IncreaseDecreaseInOperatingCapitalAbstract" order="20" use="optional" preferredLabel="http://www.xbrl.org/2003/role/verboseLabel" />
    <loc xlink:type="locator" xlink:href="http://taxonomies.xbrl.us/us-gaap/2009/elts/us-gaap-2009-01-31.xsd#us-gaap_NetCashProvidedByUsedInInvestingActivitiesAbstract" xlink:label="loc_NetCashProvidedByUsedInInvestingActivitiesAbstract" />
    <presentationArc xlink:type="arc" xlink:arcrole="http://www.xbrl.org/2003/arcrole/parent-child" xlink:from="loc_StatementOfCashFlowsAbstract" xlink:to="loc_NetCashProvidedByUsedInInvestingActivitiesAbstract" order="40" use="optional" preferredLabel="http://www.xbrl.org/2003/role/verboseLabel" />
    <loc xlink:type="locator" xlink:href="http://taxonomies.xbrl.us/us-gaap/2009/elts/us-gaap-2009-01-31.xsd#us-gaap_NetCashProvidedByUsedInFinancingActivitiesAbstract" xlink:label="loc_NetCashProvidedByUsedInFinancingActivitiesAbstract" />
    <presentationArc xlink:type="arc" xlink:arcrole="http://www.xbrl.org/2003/arcrole/parent-child" xlink:from="loc_StatementOfCashFlowsAbstract" xlink:to="loc_NetCashProvidedByUsedInFinancingActivitiesAbstract" order="60" use="optional" preferredLabel="http://www.xbrl.org/2003/role/verboseLabel" />
    <loc xlink:type="locator" xlink:href="http://taxonomies.xbrl.us/us-gaap/2009/elts/us-gaap-2009-01-31.xsd#us-gaap_SupplementalCashFlowInformationAbstract" xlink:label="loc_SupplementalCashFlowInformationAbstract" />
    <presentationArc xlink:type="arc" xlink:arcrole="http://www.xbrl.org/2003/arcrole/parent-child" xlink:from="loc_StatementOfCashFlowsAbstract" xlink:to="loc_SupplementalCashFlowInformationAbstract" order="80" use="optional" preferredLabel="http://www.xbrl.org/2003/role/verboseLabel" />
    <loc xlink:type="locator" xlink:href="http://taxonomies.xbrl.us/us-gaap/2009/elts/us-gaap-2009-01-31.xsd#us-gaap_CashAndCashEquivalentsAtCarryingValue" xlink:label="loc_CashAndCashEquivalentsAtCarryingValue" />
    <presentationArc xlink:type="arc" xlink:arcrole="http://www.xbrl.org/2003/arcrole/parent-child" xlink:from="loc_StatementOfCashFlowsAbstract" xlink:to="loc_CashAndCashEquivalentsAtCarryingValue" order="70" use="optional" preferredLabel="http://www.xbrl.org/2003/role/periodEndLabel" />
    <loc xlink:type="locator" xlink:href="http://taxonomies.xbrl.us/us-gaap/2009/elts/us-gaap-2009-01-31.xsd#us-gaap_CashAndCashEquivalentsPeriodIncreaseDecrease" xlink:label="loc_CashAndCashEquivalentsPeriodIncreaseDecrease" />
    <presentationArc xlink:type="arc" xlink:arcrole="http://www.xbrl.org/2003/arcrole/parent-child" xlink:from="loc_StatementOfCashFlowsAbstract" xlink:to="loc_CashAndCashEquivalentsPeriodIncreaseDecrease" order="62.5" use="optional" preferredLabel="http://www.xbrl.org/2003/role/verboseLabel" />
    <loc xlink:type="locator" xlink:href="http://taxonomies.xbrl.us/us-gaap/2009/elts/us-gaap-2009-01-31.xsd#us-gaap_NetCashProvidedByUsedInFinancingActivities" xlink:label="loc_NetCashProvidedByUsedInFinancingActivities" />
    <presentationArc xlink:type="arc" xlink:arcrole="http://www.xbrl.org/2003/arcrole/parent-child" xlink:from="loc_NetCashProvidedByUsedInFinancingActivitiesAbstract" xlink:to="loc_NetCashProvidedByUsedInFinancingActivities" order="20" use="optional" preferredLabel="http://www.xbrl.org/2003/role/totalLabel" />
    <loc xlink:type="locator" xlink:href="http://taxonomies.xbrl.us/us-gaap/2009/elts/us-gaap-2009-01-31.xsd#us-gaap_ProceedsFromStockOptionsExercised" xlink:label="loc_ProceedsFromStockOptionsExercised" />
    <presentationArc xlink:type="arc" xlink:arcrole="http://www.xbrl.org/2003/arcrole/parent-child" xlink:from="loc_NetCashProvidedByUsedInFinancingActivitiesAbstract" xlink:to="loc_ProceedsFromStockOptionsExercised" order="10" use="optional" preferredLabel="http://www.xbrl.org/2003/role/totalLabel" />
    <loc xlink:type="locator" xlink:href="http://taxonomies.xbrl.us/us-gaap/2009/elts/us-gaap-2009-01-31.xsd#us-gaap_PaymentsForRepurchaseOfCommonStock" xlink:label="loc_PaymentsForRepurchaseOfCommonStock" />
    <presentationArc xlink:type="arc" xlink:arcrole="http://www.xbrl.org/2003/arcrole/parent-child" xlink:from="loc_NetCashProvidedByUsedInFinancingActivitiesAbstract" xlink:to="loc_PaymentsForRepurchaseOfCommonStock" order="5" use="optional" preferredLabel="http://xbrl.us/us-gaap/role/label/negated" />
    <loc xlink:type="locator" xlink:href="http://taxonomies.xbrl.us/us-gaap/2009/elts/us-gaap-2009-01-31.xsd#us-gaap_NetCashProvidedByUsedInInvestingActivities" xlink:label="loc_NetCashProvidedByUsedInInvestingActivities" />
    <presentationArc xlink:type="arc" xlink:arcrole="http://www.xbrl.org/2003/arcrole/parent-child" xlink:from="loc_NetCashProvidedByUsedInInvestingActivitiesAbstract" xlink:to="loc_NetCashProvidedByUsedInInvestingActivities" order="20" use="optional" preferredLabel="http://www.xbrl.org/2003/role/totalLabel" />
    <loc xlink:type="locator" xlink:href="http://taxonomies.xbrl.us/us-gaap/2009/elts/us-gaap-2009-01-31.xsd#us-gaap_PaymentsToAcquireBusinessesNetOfCashAcquired" xlink:label="loc_PaymentsToAcquireBusinessesNetOfCashAcquired" />
    <presentationArc xlink:type="arc" xlink:arcrole="http://www.xbrl.org/2003/arcrole/parent-child" xlink:from="loc_NetCashProvidedByUsedInInvestingActivitiesAbstract" xlink:to="loc_PaymentsToAcquireBusinessesNetOfCashAcquired" order="10" use="optional" preferredLabel="http://xbrl.us/us-gaap/role/label/negated" />
    <loc xlink:type="locator" xlink:href="http://taxonomies.xbrl.us/us-gaap/2009/elts/us-gaap-2009-01-31.xsd#us-gaap_PaymentsToAcquireProductiveAssets" xlink:label="loc_PaymentsToAcquireProductiveAssets" />
    <presentationArc xlink:type="arc" xlink:arcrole="http://www.xbrl.org/2003/arcrole/parent-child" xlink:from="loc_NetCashProvidedByUsedInInvestingActivitiesAbstract" xlink:to="loc_PaymentsToAcquireProductiveAssets" order="5" use="optional" preferredLabel="http://xbrl.us/us-gaap/role/label/negated" />
    <loc xlink:type="locator" xlink:href="http://taxonomies.xbrl.us/us-gaap/2009/elts/us-gaap-2009-01-31.xsd#us-gaap_NetCashProvidedByUsedInOperatingActivities" xlink:label="loc_NetCashProvidedByUsedInOperatingActivities" />
    <presentationArc xlink:type="arc" xlink:arcrole="http://www.xbrl.org/2003/arcrole/parent-child" xlink:from="loc_NetCashProvidedByUsedInOperatingActivitiesAbstract" xlink:to="loc_NetCashProvidedByUsedInOperatingActivities" order="40" use="optional" preferredLabel="http://www.xbrl.org/2003/role/totalLabel" />
    <loc xlink:type="locator" xlink:href="http://taxonomies.xbrl.us/us-gaap/2009/elts/us-gaap-2009-01-31.xsd#us-gaap_IncreaseDecreaseInAccountsPayable" xlink:label="loc_IncreaseDecreaseInAccountsPayable" />
    <presentationArc xlink:type="arc" xlink:arcrole="http://www.xbrl.org/2003/arcrole/parent-child" xlink:from="loc_IncreaseDecreaseInOperatingCapitalAbstract" xlink:to="loc_IncreaseDecreaseInAccountsPayable" order="20" use="optional" preferredLabel="http://www.xbrl.org/2003/role/verboseLabel" />
    <loc xlink:type="locator" xlink:href="http://taxonomies.xbrl.us/us-gaap/2009/elts/us-gaap-2009-01-31.xsd#us-gaap_IncreaseDecreaseInInventories" xlink:label="loc_IncreaseDecreaseInInventories" />
    <presentationArc xlink:type="arc" xlink:arcrole="http://www.xbrl.org/2003/arcrole/parent-child" xlink:from="loc_IncreaseDecreaseInOperatingCapitalAbstract" xlink:to="loc_IncreaseDecreaseInInventories" order="10" use="optional" preferredLabel="http://xbrl.us/us-gaap/role/label/negated" />
    <loc xlink:type="locator" xlink:href="http://taxonomies.xbrl.us/us-gaap/2009/elts/us-gaap-2009-01-31.xsd#us-gaap_IncreaseDecreaseInReceivables" xlink:label="loc_IncreaseDecreaseInReceivables" />
    <presentationArc xlink:type="arc" xlink:arcrole="http://www.xbrl.org/2003/arcrole/parent-child" xlink:from="loc_IncreaseDecreaseInOperatingCapitalAbstract" xlink:to="loc_IncreaseDecreaseInReceivables" order="5" use="optional" preferredLabel="http://xbrl.us/us-gaap/role/label/negated" />
    <loc xlink:type="locator" xlink:href="http://taxonomies.xbrl.us/us-gaap/2009/elts/us-gaap-2009-01-31.xsd#us-gaap_GainLossOnSaleOfPropertyPlantEquipment" xlink:label="loc_GainLossOnSaleOfPropertyPlantEquipment" />
    <presentationArc xlink:type="arc" xlink:arcrole="http://www.xbrl.org/2003/arcrole/parent-child" xlink:from="loc_AdjustmentsToReconcileNetIncomeLossToCashProvidedByUsedInOperatingActivitiesAbstract" xlink:to="loc_GainLossOnSaleOfPropertyPlantEquipment" order="5" use="optional" preferredLabel="http://xbrl.us/us-gaap/role/label/negated" />
    <loc xlink:type="locator" xlink:href="http://taxonomies.xbrl.us/us-gaap/2009/elts/us-gaap-2009-01-31.xsd#us-gaap_DeferredIncomeTaxExpenseBenefit" xlink:label="loc_DeferredIncomeTaxExpenseBenefit" />
    <presentationArc xlink:type="arc" xlink:arcrole="http://www.xbrl.org/2003/arcrole/parent-child" xlink:from="loc_AdjustmentsToReconcileNetIncomeLossToCashProvidedByUsedInOperatingActivitiesAbstract" xlink:to="loc_DeferredIncomeTaxExpenseBenefit" order="2.5" use="optional" preferredLabel="http://www.xbrl.org/2003/role/verboseLabel" />
    <loc xlink:type="locator" xlink:href="http://taxonomies.xbrl.us/us-gaap/2009/elts/us-gaap-2009-01-31.xsd#us-gaap_Depreciation" xlink:label="loc_Depreciation" />
    <presentationArc xlink:type="arc" xlink:arcrole="http://www.xbrl.org/2003/arcrole/parent-child" xlink:from="loc_AdjustmentsToReconcileNetIncomeLossToCashProvidedByUsedInOperatingActivitiesAbstract" xlink:to="loc_Depreciation" order="0.15625" use="optional" preferredLabel="http://www.xbrl.org/2003/role/verboseLabel" />
    <loc xlink:type="locator" xlink:href="http://taxonomies.xbrl.us/us-gaap/2009/elts/us-gaap-2009-01-31.xsd#us-gaap_ShareBasedCompensation" xlink:label="loc_ShareBasedCompensation" />
    <presentationArc xlink:type="arc" xlink:arcrole="http://www.xbrl.org/2003/arcrole/parent-child" xlink:from="loc_AdjustmentsToReconcileNetIncomeLossToCashProvidedByUsedInOperatingActivitiesAbstract" xlink:to="loc_ShareBasedCompensation" order="0.078125" use="optional" preferredLabel="http://www.xbrl.org/2003/role/verboseLabel" />
    <loc xlink:type="locator" xlink:href="http://taxonomies.xbrl.us/us-gaap/2009/elts/us-gaap-2009-01-31.xsd#us-gaap_NetIncomeLoss" xlink:label="loc_NetIncomeLoss" />
    <presentationArc xlink:type="arc" xlink:arcrole="http://www.xbrl.org/2003/arcrole/parent-child" xlink:from="loc_NetCashProvidedByUsedInOperatingActivitiesAbstract" xlink:to="loc_NetIncomeLoss" order="10" use="optional" preferredLabel="http://www.xbrl.org/2003/role/verboseLabel" />
    <loc xlink:type="locator" xlink:href="swks-20101001.xsd#swks_ContributionOfCommonSharesToSavingsAndRetirementPlans" xlink:label="swks_ContributionOfCommonSharesToSavingsAndRetirementPlans" />
    <presentationArc xlink:type="arc" xlink:arcrole="http://www.xbrl.org/2003/arcrole/parent-child" xlink:from="loc_AdjustmentsToReconcileNetIncomeLossToCashProvidedByUsedInOperatingActivitiesAbstract" xlink:to="swks_ContributionOfCommonSharesToSavingsAndRetirementPlans" order="1.875" use="optional" preferredLabel="http://www.xbrl.org/2003/role/verboseLabel" priority="1" />
    <loc xlink:type="locator" xlink:href="http://taxonomies.xbrl.us/us-gaap/2009/elts/us-gaap-2009-01-31.xsd#us-gaap_CashAndCashEquivalentsAtCarryingValue" xlink:label="loc_CashAndCashEquivalentsAtCarryingValue_1" />
    <presentationArc xlink:type="arc" xlink:arcrole="http://www.xbrl.org/2003/arcrole/parent-child" xlink:from="loc_StatementOfCashFlowsAbstract" xlink:to="loc_CashAndCashEquivalentsAtCarryingValue_1" order="66.25" use="optional" preferredLabel="http://www.xbrl.org/2003/role/periodStartLabel" />
    <loc xlink:type="locator" xlink:href="http://taxonomies.xbrl.us/us-gaap/2009/elts/us-gaap-2009-01-31.xsd#us-gaap_ProvisionForDoubtfulAccounts" xlink:label="loc_ProvisionForDoubtfulAccounts" />
    <presentationArc xlink:type="arc" xlink:arcrole="http://www.xbrl.org/2003/arcrole/parent-child" xlink:from="loc_AdjustmentsToReconcileNetIncomeLossToCashProvidedByUsedInOperatingActivitiesAbstract" xlink:to="loc_ProvisionForDoubtfulAccounts" order="7.5" use="optional" preferredLabel="http://www.xbrl.org/2003/role/verboseLabel" />
    <loc xlink:type="locator" xlink:href="http://taxonomies.xbrl.us/us-gaap/2009/elts/us-gaap-2009-01-31.xsd#us-gaap_IncreaseDecreaseInOtherOperatingAssets" xlink:label="loc_IncreaseDecreaseInOtherOperatingAssets" />
    <presentationArc xlink:type="arc" xlink:arcrole="http://www.xbrl.org/2003/arcrole/parent-child" xlink:from="loc_IncreaseDecreaseInOperatingCapitalAbstract" xlink:to="loc_IncreaseDecreaseInOtherOperatingAssets" order="12.5" use="optional" preferredLabel="http://xbrl.us/us-gaap/role/label/negated" />
    <loc xlink:type="locator" xlink:href="http://taxonomies.xbrl.us/us-gaap/2009/elts/us-gaap-2009-01-31.xsd#us-gaap_IncreaseDecreaseInOtherOperatingLiabilities" xlink:label="loc_IncreaseDecreaseInOtherOperatingLiabilities" />
    <presentationArc xlink:type="arc" xlink:arcrole="http://www.xbrl.org/2003/arcrole/parent-child" xlink:from="loc_IncreaseDecreaseInOperatingCapitalAbstract" xlink:to="loc_IncreaseDecreaseInOtherOperatingLiabilities" order="30" use="optional" preferredLabel="http://www.xbrl.org/2003/role/totalLabel" />
    <loc xlink:type="locator" xlink:href="http://taxonomies.xbrl.us/us-gaap/2009/elts/us-gaap-2009-01-31.xsd#us-gaap_RepaymentsOfConvertibleDebt" xlink:label="loc_RepaymentsOfConvertibleDebt" />
    <presentationArc xlink:type="arc" xlink:arcrole="http://www.xbrl.org/2003/arcrole/parent-child" xlink:from="loc_NetCashProvidedByUsedInFinancingActivitiesAbstract" xlink:to="loc_RepaymentsOfConvertibleDebt" order="0.625" use="optional" preferredLabel="http://xbrl.us/us-gaap/role/label/negated" />
    <loc xlink:type="locator" xlink:href="http://taxonomies.xbrl.us/us-gaap/2009/elts/us-gaap-2009-01-31.xsd#us-gaap_ProceedsFromRepaymentsOfRestrictedCashFinancingActivities" xlink:label="loc_ProceedsFromRepaymentsOfRestrictedCashFinancingActivities" />
    <presentationArc xlink:type="arc" xlink:arcrole="http://www.xbrl.org/2003/arcrole/parent-child" xlink:from="loc_NetCashProvidedByUsedInFinancingActivitiesAbstract" xlink:to="loc_ProceedsFromRepaymentsOfRestrictedCashFinancingActivities" order="2.1875" use="optional" preferredLabel="http://www.xbrl.org/2003/role/verboseLabel" />
    <loc xlink:type="locator" xlink:href="http://taxonomies.xbrl.us/us-gaap/2009/elts/us-gaap-2009-01-31.xsd#us-gaap_IncomeTaxesPaid" xlink:label="loc_IncomeTaxesPaid" />
    <presentationArc xlink:type="arc" xlink:arcrole="http://www.xbrl.org/2003/arcrole/parent-child" xlink:from="loc_SupplementalCashFlowInformationAbstract" xlink:to="loc_IncomeTaxesPaid" order="5" use="optional" preferredLabel="http://www.xbrl.org/2003/role/totalLabel" />
    <loc xlink:type="locator" xlink:href="http://taxonomies.xbrl.us/us-gaap/2009/elts/us-gaap-2009-01-31.xsd#us-gaap_InterestPaid" xlink:label="loc_InterestPaid" />
    <presentationArc xlink:type="arc" xlink:arcrole="http://www.xbrl.org/2003/arcrole/parent-child" xlink:from="loc_SupplementalCashFlowInformationAbstract" xlink:to="loc_InterestPaid" order="15" use="optional" preferredLabel="http://www.xbrl.org/2003/role/totalLabel" />
    <loc xlink:type="locator" xlink:href="http://taxonomies.xbrl.us/us-gaap/2009/elts/us-gaap-2009-01-31.xsd#us-gaap_AssetImpairmentCharges" xlink:label="loc_AssetImpairmentCharges" />
    <presentationArc xlink:type="arc" xlink:arcrole="http://www.xbrl.org/2003/arcrole/parent-child" xlink:from="loc_AdjustmentsToReconcileNetIncomeLossToCashProvidedByUsedInOperatingActivitiesAbstract" xlink:to="loc_AssetImpairmentCharges" order="6.25" use="optional" preferredLabel="http://www.xbrl.org/2003/role/verboseLabel" />
    <loc xlink:type="locator" xlink:href="http://taxonomies.xbrl.us/us-gaap/2009/elts/us-gaap-2009-01-31.xsd#us-gaap_InventoryWriteDown" xlink:label="loc_InventoryWriteDown" />
    <presentationArc xlink:type="arc" xlink:arcrole="http://www.xbrl.org/2003/arcrole/parent-child" xlink:from="loc_AdjustmentsToReconcileNetIncomeLossToCashProvidedByUsedInOperatingActivitiesAbstract" xlink:to="loc_InventoryWriteDown" order="5.625" use="optional" preferredLabel="http://www.xbrl.org/2003/role/verboseLabel" />
    <loc xlink:type="locator" xlink:href="http://taxonomies.xbrl.us/us-gaap/2009/elts/us-gaap-2009-01-31.xsd#us-gaap_RestructuringCosts" xlink:label="loc_RestructuringCosts" />
    <presentationArc xlink:type="arc" xlink:arcrole="http://www.xbrl.org/2003/arcrole/parent-child" xlink:from="loc_AdjustmentsToReconcileNetIncomeLossToCashProvidedByUsedInOperatingActivitiesAbstract" xlink:to="loc_RestructuringCosts" order="2.1875" use="optional" preferredLabel="http://www.xbrl.org/2003/role/verboseLabel" />
    <loc xlink:type="locator" xlink:href="http://taxonomies.xbrl.us/us-gaap/2009/elts/us-gaap-2009-01-31.xsd#us-gaap_IncomeTaxCreditsAndAdjustments" xlink:label="loc_IncomeTaxCreditsAndAdjustments" />
    <presentationArc xlink:type="arc" xlink:arcrole="http://www.xbrl.org/2003/arcrole/parent-child" xlink:from="loc_AdjustmentsToReconcileNetIncomeLossToCashProvidedByUsedInOperatingActivitiesAbstract" xlink:to="loc_IncomeTaxCreditsAndAdjustments" order="0.234375" use="optional" preferredLabel="http://www.xbrl.org/2003/role/verboseLabel" />
    <loc xlink:type="locator" xlink:href="http://taxonomies.xbrl.us/us-gaap/2009/elts/us-gaap-2009-01-31.xsd#us-gaap_ProceedsFromSaleMaturityAndCollectionsOfInvestments" xlink:label="loc_ProceedsFromSaleMaturityAndCollectionsOfInvestments" />
    <presentationArc xlink:type="arc" xlink:arcrole="http://www.xbrl.org/2003/arcrole/parent-child" xlink:from="loc_NetCashProvidedByUsedInInvestingActivitiesAbstract" xlink:to="loc_ProceedsFromSaleMaturityAndCollectionsOfInvestments" order="15" use="optional" preferredLabel="http://www.xbrl.org/2003/role/verboseLabel" />
    <loc xlink:type="locator" xlink:href="http://taxonomies.xbrl.us/us-gaap/2009/elts/us-gaap-2009-01-31.xsd#us-gaap_PaymentsToAcquireInvestments" xlink:label="loc_PaymentsToAcquireInvestments" />
    <presentationArc xlink:type="arc" xlink:arcrole="http://www.xbrl.org/2003/arcrole/parent-child" xlink:from="loc_NetCashProvidedByUsedInInvestingActivitiesAbstract" xlink:to="loc_PaymentsToAcquireInvestments" order="17.5" use="optional" preferredLabel="http://xbrl.us/us-gaap/role/label/negatedTotal" />
    <loc xlink:type="locator" xlink:href="http://taxonomies.xbrl.us/us-gaap/2009/elts/us-gaap-2009-01-31.xsd#us-gaap_RepaymentsOfSubordinatedDebt" xlink:label="loc_RepaymentsOfSubordinatedDebt" />
    <presentationArc xlink:type="arc" xlink:arcrole="http://www.xbrl.org/2003/arcrole/parent-child" xlink:from="loc_NetCashProvidedByUsedInFinancingActivitiesAbstract" xlink:to="loc_RepaymentsOfSubordinatedDebt" order="0.9375" use="optional" preferredLabel="http://xbrl.us/us-gaap/role/label/negated" />
    <loc xlink:type="locator" xlink:href="swks-20101001.xsd#swks_ReacquisitionOfEquityInstruments" xlink:label="swks_ReacquisitionOfEquityInstruments" />
    <presentationArc xlink:type="arc" xlink:arcrole="http://www.xbrl.org/2003/arcrole/parent-child" xlink:from="loc_NetCashProvidedByUsedInFinancingActivitiesAbstract" xlink:to="swks_ReacquisitionOfEquityInstruments" order="0.8203125" use="optional" preferredLabel="http://xbrl.us/us-gaap/role/label/negated" />
    <loc xlink:type="locator" xlink:href="swks-20101001.xsd#swks_AmortizationForIntangiblesAssets" xlink:label="swks_AmortizationForIntangiblesAssets" />
    <presentationArc xlink:type="arc" xlink:arcrole="http://www.xbrl.org/2003/arcrole/parent-child" xlink:from="loc_AdjustmentsToReconcileNetIncomeLossToCashProvidedByUsedInOperatingActivitiesAbstract" xlink:to="swks_AmortizationForIntangiblesAssets" order="0.5322265625" use="optional" preferredLabel="http://www.xbrl.org/2003/role/verboseLabel" priority="1" />
    <loc xlink:type="locator" xlink:href="http://taxonomies.xbrl.us/us-gaap/2009/elts/us-gaap-2009-01-31.xsd#us-gaap_ExcessTaxBenefitFromShareBasedCompensationOperatingActivities" xlink:label="loc_ExcessTaxBenefitFromShareBasedCompensationOperatingActivities" />
    <presentationArc xlink:type="arc" xlink:arcrole="http://www.xbrl.org/2003/arcrole/parent-child" xlink:from="loc_AdjustmentsToReconcileNetIncomeLossToCashProvidedByUsedInOperatingActivitiesAbstract" xlink:to="loc_ExcessTaxBenefitFromShareBasedCompensationOperatingActivities" order="3.75" use="optional" preferredLabel="http://xbrl.us/us-gaap/role/label/negated" />
    <loc xlink:type="locator" xlink:href="http://taxonomies.xbrl.us/us-gaap/2009/elts/us-gaap-2009-01-31.xsd#us-gaap_ExcessTaxBenefitFromShareBasedCompensationFinancingActivities" xlink:label="loc_ExcessTaxBenefitFromShareBasedCompensationFinancingActivities" />
    <presentationArc xlink:type="arc" xlink:arcrole="http://www.xbrl.org/2003/arcrole/parent-child" xlink:from="loc_NetCashProvidedByUsedInFinancingActivitiesAbstract" xlink:to="loc_ExcessTaxBenefitFromShareBasedCompensationFinancingActivities" order="1.5625" use="optional" preferredLabel="http://www.xbrl.org/2003/role/verboseLabel" />
    <loc xlink:type="locator" xlink:href="http://taxonomies.xbrl.us/us-gaap/2009/elts/us-gaap-2009-01-31.xsd#us-gaap_AmortizationOfFinancingCostsAndDiscounts" xlink:label="loc_AmortizationOfFinancingCostsAndDiscounts" />
    <presentationArc xlink:type="arc" xlink:arcrole="http://www.xbrl.org/2003/arcrole/parent-child" xlink:from="loc_AdjustmentsToReconcileNetIncomeLossToCashProvidedByUsedInOperatingActivitiesAbstract" xlink:to="loc_AmortizationOfFinancingCostsAndDiscounts" order="1.40625" use="optional" preferredLabel="http://www.xbrl.org/2003/role/verboseLabel" />
  </presentationLink>
  <presentationLink xlink:type="extended" xlink:role="http://skyworksinc.com/role/DescriptionOfBusinessAndBasisOfPresentation" xlink:title="0201 - Disclosure - Description of Business and Basis of Presentation">
    <loc xlink:type="locator" xlink:href="http://taxonomies.xbrl.us/us-gaap/2009/elts/us-gaap-2009-01-31.xsd#us-gaap_GeneralPoliciesAbstract" xlink:label="loc_GeneralPoliciesAbstract" />
    <loc xlink:type="locator" xlink:href="http://taxonomies.xbrl.us/us-gaap/2009/elts/us-gaap-2009-01-31.xsd#us-gaap_OrganizationConsolidationAndPresentationOfFinancialStatementsDisclosureTextBlock" xlink:label="loc_OrganizationConsolidationAndPresentationOfFinancialStatementsDisclosureTextBlock" />
    <presentationArc xlink:type="arc" xlink:arcrole="http://www.xbrl.org/2003/arcrole/parent-child" xlink:from="loc_GeneralPoliciesAbstract" xlink:to="loc_OrganizationConsolidationAndPresentationOfFinancialStatementsDisclosureTextBlock" order="20" use="optional" preferredLabel="http://www.xbrl.org/2003/role/verboseLabel" priority="1" />
  </presentationLink>
  <presentationLink xlink:type="extended" xlink:role="http://skyworksinc.com/role/MarketableSecurities" xlink:title="0204 - Disclosure - Marketable Securities">
    <loc xlink:type="locator" xlink:href="http://taxonomies.xbrl.us/us-gaap/2009/elts/us-gaap-2009-01-31.xsd#us-gaap_AvailableForSaleSecuritiesAbstract" xlink:label="loc_AvailableForSaleSecuritiesAbstract" />
    <loc xlink:type="locator" xlink:href="http://taxonomies.xbrl.us/us-gaap/2009/elts/us-gaap-2009-01-31.xsd#us-gaap_AvailableForSaleSecuritiesTextBlock" xlink:label="loc_AvailableForSaleSecuritiesTextBlock" />
    <presentationArc xlink:type="arc" xlink:arcrole="http://www.xbrl.org/2003/arcrole/parent-child" xlink:from="loc_AvailableForSaleSecuritiesAbstract" xlink:to="loc_AvailableForSaleSecuritiesTextBlock" order="20" use="optional" preferredLabel="http://www.xbrl.org/2003/role/verboseLabel" priority="1" />
  </presentationLink>
  <presentationLink xlink:type="extended" xlink:role="http://skyworksinc.com/role/FinancialInstruments" xlink:title="0205 - Disclosure - Financial Instruments">
    <loc xlink:type="locator" xlink:href="swks-20101001.xsd#swks_FinancialInstrumentsAbstract" xlink:label="swks_FinancialInstrumentsAbstract" />
    <loc xlink:type="locator" xlink:href="http://taxonomies.xbrl.us/us-gaap/2009/elts/us-gaap-2009-01-31.xsd#us-gaap_FairValueDisclosuresTextBlock" xlink:label="loc_FairValueDisclosuresTextBlock" />
    <presentationArc xlink:type="arc" xlink:arcrole="http://www.xbrl.org/2003/arcrole/parent-child" xlink:from="swks_FinancialInstrumentsAbstract" xlink:to="loc_FairValueDisclosuresTextBlock" order="20" use="optional" preferredLabel="http://www.xbrl.org/2003/role/verboseLabel" priority="1" />
  </presentationLink>
  <presentationLink xlink:type="extended" xlink:role="http://skyworksinc.com/role/PropertyPlantAndEquipment" xlink:title="0207 - Disclosure - Property, Plant and Equipment">
    <loc xlink:type="locator" xlink:href="http://taxonomies.xbrl.us/us-gaap/2009/elts/us-gaap-2009-01-31.xsd#us-gaap_PropertyPlantAndEquipmentAbstract" xlink:label="loc_PropertyPlantAndEquipmentAbstract" />
    <loc xlink:type="locator" xlink:href="http://taxonomies.xbrl.us/us-gaap/2009/elts/us-gaap-2009-01-31.xsd#us-gaap_PropertyPlantAndEquipmentDisclosureTextBlock" xlink:label="loc_PropertyPlantAndEquipmentDisclosureTextBlock" />
    <presentationArc xlink:type="arc" xlink:arcrole="http://www.xbrl.org/2003/arcrole/parent-child" xlink:from="loc_PropertyPlantAndEquipmentAbstract" xlink:to="loc_PropertyPlantAndEquipmentDisclosureTextBlock" order="20" use="optional" priority="1" preferredLabel="http://www.xbrl.org/2003/role/verboseLabel" />
  </presentationLink>
  <presentationLink xlink:type="extended" xlink:role="http://skyworksinc.com/role/GoodwillAndIntangibleAssets" xlink:title="0208 - Disclosure - Goodwill and Intangible Assets">
    <loc xlink:type="locator" xlink:href="swks-20101001.xsd#swks_GoodwillAndIntangibleAssetsAbstract" xlink:label="swks_GoodwillAndIntangibleAssetsAbstract" />
    <loc xlink:type="locator" xlink:href="http://taxonomies.xbrl.us/us-gaap/2009/elts/us-gaap-2009-01-31.xsd#us-gaap_GoodwillAndIntangibleAssetsDisclosureTextBlock" xlink:label="loc_GoodwillAndIntangibleAssetsDisclosureTextBlock" />
    <presentationArc xlink:type="arc" xlink:arcrole="http://www.xbrl.org/2003/arcrole/parent-child" xlink:from="swks_GoodwillAndIntangibleAssetsAbstract" xlink:to="loc_GoodwillAndIntangibleAssetsDisclosureTextBlock" order="20" use="optional" preferredLabel="http://www.xbrl.org/2003/role/verboseLabel" priority="1" />
  </presentationLink>
  <presentationLink xlink:type="extended" xlink:role="http://skyworksinc.com/role/BorrowingArrangements" xlink:title="0209 - Disclosure - Borrowing Arrangements">
    <loc xlink:type="locator" xlink:href="swks-20101001.xsd#swks_BorrowingArrangementsAbstract" xlink:label="swks_BorrowingArrangementsAbstract" />
    <loc xlink:type="locator" xlink:href="http://taxonomies.xbrl.us/us-gaap/2009/elts/us-gaap-2009-01-31.xsd#us-gaap_DebtDisclosureTextBlock" xlink:label="loc_DebtDisclosureTextBlock" />
    <presentationArc xlink:type="arc" xlink:arcrole="http://www.xbrl.org/2003/arcrole/parent-child" xlink:from="swks_BorrowingArrangementsAbstract" xlink:to="loc_DebtDisclosureTextBlock" order="20" use="optional" preferredLabel="http://www.xbrl.org/2003/role/verboseLabel" priority="1" />
  </presentationLink>
  <presentationLink xlink:type="extended" xlink:role="http://skyworksinc.com/role/IncomeTaxes" xlink:title="0210 - Disclosure - Income Taxes">
    <loc xlink:type="locator" xlink:href="http://taxonomies.xbrl.us/us-gaap/2009/elts/us-gaap-2009-01-31.xsd#us-gaap_IncomeTaxExpenseBenefitAbstract" xlink:label="loc_IncomeTaxExpenseBenefitAbstract" />
    <loc xlink:type="locator" xlink:href="http://taxonomies.xbrl.us/us-gaap/2009/elts/us-gaap-2009-01-31.xsd#us-gaap_IncomeTaxDisclosureTextBlock" xlink:label="loc_IncomeTaxDisclosureTextBlock" />
    <presentationArc xlink:type="arc" xlink:arcrole="http://www.xbrl.org/2003/arcrole/parent-child" xlink:from="loc_IncomeTaxExpenseBenefitAbstract" xlink:to="loc_IncomeTaxDisclosureTextBlock" order="20" use="optional" priority="1" preferredLabel="http://www.xbrl.org/2003/role/verboseLabel" />
  </presentationLink>
  <presentationLink xlink:type="extended" xlink:role="http://skyworksinc.com/role/EarningsPerShare" xlink:title="0217 - Disclosure - Earnings Per Share">
    <loc xlink:type="locator" xlink:href="http://taxonomies.xbrl.us/us-gaap/2009/elts/us-gaap-2009-01-31.xsd#us-gaap_EarningsPerShareAbstract" xlink:label="loc_EarningsPerShareAbstract" />
    <loc xlink:type="locator" xlink:href="http://taxonomies.xbrl.us/us-gaap/2009/elts/us-gaap-2009-01-31.xsd#us-gaap_EarningsPerShareTextBlock" xlink:label="loc_EarningsPerShareTextBlock" />
    <presentationArc xlink:type="arc" xlink:arcrole="http://www.xbrl.org/2003/arcrole/parent-child" xlink:from="loc_EarningsPerShareAbstract" xlink:to="loc_EarningsPerShareTextBlock" order="20" use="optional" preferredLabel="http://www.xbrl.org/2003/role/verboseLabel" priority="1" />
  </presentationLink>
  <presentationLink xlink:type="extended" xlink:role="http://skyworksinc.com/role/DocumentAndEntityInformation" xlink:title="00 - Document - Document and Entity Information">
    <loc xlink:type="locator" xlink:href="swks-20101001.xsd#swks_DocumentAndEntityInformationAbstract" xlink:label="swks_DocumentAndEntityInformationAbstract" />
    <loc xlink:type="locator" xlink:href="http://taxonomies.xbrl.us/us-gaap/2009/non-gaap/dei-2009-01-31.xsd#dei_EntityRegistrantName" xlink:label="loc_EntityRegistrantName" />
    <presentationArc xlink:type="arc" xlink:arcrole="http://www.xbrl.org/2003/arcrole/parent-child" xlink:from="swks_DocumentAndEntityInformationAbstract" xlink:to="loc_EntityRegistrantName" order="20" use="optional" />
    <loc xlink:type="locator" xlink:href="http://taxonomies.xbrl.us/us-gaap/2009/non-gaap/dei-2009-01-31.xsd#dei_EntityCentralIndexKey" xlink:label="loc_EntityCentralIndexKey" />
    <presentationArc xlink:type="arc" xlink:arcrole="http://www.xbrl.org/2003/arcrole/parent-child" xlink:from="swks_DocumentAndEntityInformationAbstract" xlink:to="loc_EntityCentralIndexKey" order="40" use="optional" />
    <loc xlink:type="locator" xlink:href="http://taxonomies.xbrl.us/us-gaap/2009/non-gaap/dei-2009-01-31.xsd#dei_DocumentType" xlink:label="loc_DocumentType" />
    <presentationArc xlink:type="arc" xlink:arcrole="http://www.xbrl.org/2003/arcrole/parent-child" xlink:from="swks_DocumentAndEntityInformationAbstract" xlink:to="loc_DocumentType" order="60" use="optional" />
    <loc xlink:type="locator" xlink:href="http://taxonomies.xbrl.us/us-gaap/2009/non-gaap/dei-2009-01-31.xsd#dei_DocumentPeriodEndDate" xlink:label="loc_DocumentPeriodEndDate" />
    <presentationArc xlink:type="arc" xlink:arcrole="http://www.xbrl.org/2003/arcrole/parent-child" xlink:from="swks_DocumentAndEntityInformationAbstract" xlink:to="loc_DocumentPeriodEndDate" order="80" use="optional" />
    <loc xlink:type="locator" xlink:href="http://taxonomies.xbrl.us/us-gaap/2009/non-gaap/dei-2009-01-31.xsd#dei_AmendmentFlag" xlink:label="loc_AmendmentFlag" />
    <presentationArc xlink:type="arc" xlink:arcrole="http://www.xbrl.org/2003/arcrole/parent-child" xlink:from="swks_DocumentAndEntityInformationAbstract" xlink:to="loc_AmendmentFlag" order="100" use="optional" />
    <loc xlink:type="locator" xlink:href="http://taxonomies.xbrl.us/us-gaap/2009/non-gaap/dei-2009-01-31.xsd#dei_DocumentFiscalYearFocus" xlink:label="loc_DocumentFiscalYearFocus" />
    <presentationArc xlink:type="arc" xlink:arcrole="http://www.xbrl.org/2003/arcrole/parent-child" xlink:from="swks_DocumentAndEntityInformationAbstract" xlink:to="loc_DocumentFiscalYearFocus" order="120" use="optional" />
    <loc xlink:type="locator" xlink:href="http://taxonomies.xbrl.us/us-gaap/2009/non-gaap/dei-2009-01-31.xsd#dei_DocumentFiscalPeriodFocus" xlink:label="loc_DocumentFiscalPeriodFocus" />
    <presentationArc xlink:type="arc" xlink:arcrole="http://www.xbrl.org/2003/arcrole/parent-child" xlink:from="swks_DocumentAndEntityInformationAbstract" xlink:to="loc_DocumentFiscalPeriodFocus" order="140" use="optional" />
    <loc xlink:type="locator" xlink:href="http://taxonomies.xbrl.us/us-gaap/2009/non-gaap/dei-2009-01-31.xsd#dei_CurrentFiscalYearEndDate" xlink:label="loc_CurrentFiscalYearEndDate" />
    <presentationArc xlink:type="arc" xlink:arcrole="http://www.xbrl.org/2003/arcrole/parent-child" xlink:from="swks_DocumentAndEntityInformationAbstract" xlink:to="loc_CurrentFiscalYearEndDate" order="160" use="optional" />
    <loc xlink:type="locator" xlink:href="http://taxonomies.xbrl.us/us-gaap/2009/non-gaap/dei-2009-01-31.xsd#dei_EntityWellKnownSeasonedIssuer" xlink:label="loc_EntityWellKnownSeasonedIssuer" />
    <presentationArc xlink:type="arc" xlink:arcrole="http://www.xbrl.org/2003/arcrole/parent-child" xlink:from="swks_DocumentAndEntityInformationAbstract" xlink:to="loc_EntityWellKnownSeasonedIssuer" order="180" use="optional" />
    <loc xlink:type="locator" xlink:href="http://taxonomies.xbrl.us/us-gaap/2009/non-gaap/dei-2009-01-31.xsd#dei_EntityVoluntaryFilers" xlink:label="loc_EntityVoluntaryFilers" />
    <presentationArc xlink:type="arc" xlink:arcrole="http://www.xbrl.org/2003/arcrole/parent-child" xlink:from="swks_DocumentAndEntityInformationAbstract" xlink:to="loc_EntityVoluntaryFilers" order="200" use="optional" />
    <loc xlink:type="locator" xlink:href="http://taxonomies.xbrl.us/us-gaap/2009/non-gaap/dei-2009-01-31.xsd#dei_EntityCurrentReportingStatus" xlink:label="loc_EntityCurrentReportingStatus" />
    <presentationArc xlink:type="arc" xlink:arcrole="http://www.xbrl.org/2003/arcrole/parent-child" xlink:from="swks_DocumentAndEntityInformationAbstract" xlink:to="loc_EntityCurrentReportingStatus" order="220" use="optional" />
    <loc xlink:type="locator" xlink:href="http://taxonomies.xbrl.us/us-gaap/2009/non-gaap/dei-2009-01-31.xsd#dei_EntityFilerCategory" xlink:label="loc_EntityFilerCategory" />
    <presentationArc xlink:type="arc" xlink:arcrole="http://www.xbrl.org/2003/arcrole/parent-child" xlink:from="swks_DocumentAndEntityInformationAbstract" xlink:to="loc_EntityFilerCategory" order="240" use="optional" />
    <loc xlink:type="locator" xlink:href="http://taxonomies.xbrl.us/us-gaap/2009/non-gaap/dei-2009-01-31.xsd#dei_EntityPublicFloat" xlink:label="loc_EntityPublicFloat" />
    <presentationArc xlink:type="arc" xlink:arcrole="http://www.xbrl.org/2003/arcrole/parent-child" xlink:from="swks_DocumentAndEntityInformationAbstract" xlink:to="loc_EntityPublicFloat" order="260" use="optional" />
    <loc xlink:type="locator" xlink:href="http://taxonomies.xbrl.us/us-gaap/2009/non-gaap/dei-2009-01-31.xsd#dei_EntityCommonStockSharesOutstanding" xlink:label="loc_EntityCommonStockSharesOutstanding" />
    <presentationArc xlink:type="arc" xlink:arcrole="http://www.xbrl.org/2003/arcrole/parent-child" xlink:from="swks_DocumentAndEntityInformationAbstract" xlink:to="loc_EntityCommonStockSharesOutstanding" order="280" use="optional" />
  </presentationLink>
  <presentationLink xlink:type="extended" xlink:role="http://skyworksinc.com/role/StatementsOfStockholdersEquityAndComprehensiveIncomeLoss" xlink:title="0140 - Statement - Consolidated Statements of Stockholders' Equity and Comprehensive Income (Loss)">
    <loc xlink:type="locator" xlink:href="http://taxonomies.xbrl.us/us-gaap/2009/elts/us-gaap-2009-01-31.xsd#us-gaap_StatementOfStockholdersEquityAbstract" xlink:label="loc_StatementOfStockholdersEquityAbstract" />
    <loc xlink:type="locator" xlink:href="http://taxonomies.xbrl.us/us-gaap/2009/elts/us-gaap-2009-01-31.xsd#us-gaap_StatementTable" xlink:label="loc_StatementTable" />
    <presentationArc xlink:type="arc" xlink:arcrole="http://www.xbrl.org/2003/arcrole/parent-child" xlink:from="loc_StatementOfStockholdersEquityAbstract" xlink:to="loc_StatementTable" order="20" use="optional" />
    <loc xlink:type="locator" xlink:href="http://taxonomies.xbrl.us/us-gaap/2009/elts/us-gaap-2009-01-31.xsd#us-gaap_StatementEquityComponentsAxis" xlink:label="loc_StatementEquityComponentsAxis" />
    <presentationArc xlink:type="arc" xlink:arcrole="http://www.xbrl.org/2003/arcrole/parent-child" xlink:from="loc_StatementTable" xlink:to="loc_StatementEquityComponentsAxis" order="20" use="optional" />
    <loc xlink:type="locator" xlink:href="http://taxonomies.xbrl.us/us-gaap/2009/elts/us-gaap-2009-01-31.xsd#us-gaap_EquityComponentDomain" xlink:label="loc_EquityComponentDomain" />
    <presentationArc xlink:type="arc" xlink:arcrole="http://www.xbrl.org/2003/arcrole/parent-child" xlink:from="loc_StatementEquityComponentsAxis" xlink:to="loc_EquityComponentDomain" order="20" use="optional" />
    <loc xlink:type="locator" xlink:href="http://taxonomies.xbrl.us/us-gaap/2009/elts/us-gaap-2009-01-31.xsd#us-gaap_CommonStockMember" xlink:label="loc_CommonStockMember" />
    <presentationArc xlink:type="arc" xlink:arcrole="http://www.xbrl.org/2003/arcrole/parent-child" xlink:from="loc_EquityComponentDomain" xlink:to="loc_CommonStockMember" order="20" use="optional" />
    <loc xlink:type="locator" xlink:href="http://taxonomies.xbrl.us/us-gaap/2009/elts/us-gaap-2009-01-31.xsd#us-gaap_TreasuryStockMember" xlink:label="loc_TreasuryStockMember" />
    <presentationArc xlink:type="arc" xlink:arcrole="http://www.xbrl.org/2003/arcrole/parent-child" xlink:from="loc_EquityComponentDomain" xlink:to="loc_TreasuryStockMember" order="40" use="optional" />
    <loc xlink:type="locator" xlink:href="http://taxonomies.xbrl.us/us-gaap/2009/elts/us-gaap-2009-01-31.xsd#us-gaap_AdditionalPaidInCapitalMember" xlink:label="loc_AdditionalPaidInCapitalMember" />
    <presentationArc xlink:type="arc" xlink:arcrole="http://www.xbrl.org/2003/arcrole/parent-child" xlink:from="loc_EquityComponentDomain" xlink:to="loc_AdditionalPaidInCapitalMember" order="60" use="optional" />
    <loc xlink:type="locator" xlink:href="http://taxonomies.xbrl.us/us-gaap/2009/elts/us-gaap-2009-01-31.xsd#us-gaap_AccumulatedOtherComprehensiveIncomeMember" xlink:label="loc_AccumulatedOtherComprehensiveIncomeMember" />
    <presentationArc xlink:type="arc" xlink:arcrole="http://www.xbrl.org/2003/arcrole/parent-child" xlink:from="loc_EquityComponentDomain" xlink:to="loc_AccumulatedOtherComprehensiveIncomeMember" order="80" use="optional" />
    <loc xlink:type="locator" xlink:href="http://taxonomies.xbrl.us/us-gaap/2009/elts/us-gaap-2009-01-31.xsd#us-gaap_StatementLineItems" xlink:label="loc_StatementLineItems" />
    <presentationArc xlink:type="arc" xlink:arcrole="http://www.xbrl.org/2003/arcrole/parent-child" xlink:from="loc_StatementTable" xlink:to="loc_StatementLineItems" order="40" use="optional" />
    <loc xlink:type="locator" xlink:href="http://taxonomies.xbrl.us/us-gaap/2009/elts/us-gaap-2009-01-31.xsd#us-gaap_SharesIssued" xlink:label="loc_SharesIssued_1" />
    <presentationArc xlink:type="arc" xlink:arcrole="http://www.xbrl.org/2003/arcrole/parent-child" xlink:from="loc_StatementLineItems" xlink:to="loc_SharesIssued_1" order="0.0054931640625" use="optional" preferredLabel="http://www.xbrl.org/2003/role/periodStartLabel" />
    <loc xlink:type="locator" xlink:href="http://taxonomies.xbrl.us/us-gaap/2009/elts/us-gaap-2009-01-31.xsd#us-gaap_StockholdersEquity" xlink:label="loc_StockholdersEquity" />
    <presentationArc xlink:type="arc" xlink:arcrole="http://www.xbrl.org/2003/arcrole/parent-child" xlink:from="loc_StatementLineItems" xlink:to="loc_StockholdersEquity" order="0.003662109375" use="optional" preferredLabel="http://www.xbrl.org/2003/role/periodStartLabel" />
    <loc xlink:type="locator" xlink:href="swks-20101001.xsd#swks_SharesWithheldForTaxesShares" xlink:label="swks_SharesWithheldForTaxesShares" />
    <presentationArc xlink:type="arc" xlink:arcrole="http://www.xbrl.org/2003/arcrole/parent-child" xlink:from="loc_StatementLineItems" xlink:to="swks_SharesWithheldForTaxesShares" order="5" use="optional" preferredLabel="http://www.xbrl.org/2003/role/verboseLabel" priority="1" />
    <loc xlink:type="locator" xlink:href="swks-20101001.xsd#swks_IssuanceAndExpenseOfCommonSharesForRestrictedStockAndPerformanceSharesShares" xlink:label="swks_IssuanceAndExpenseOfCommonSharesForRestrictedStockAndPerformanceSharesShares" />
    <presentationArc xlink:type="arc" xlink:arcrole="http://www.xbrl.org/2003/arcrole/parent-child" xlink:from="loc_StatementLineItems" xlink:to="swks_IssuanceAndExpenseOfCommonSharesForRestrictedStockAndPerformanceSharesShares" order="1.25" use="optional" preferredLabel="http://www.xbrl.org/2003/role/verboseLabel" priority="1" />
    <loc xlink:type="locator" xlink:href="swks-20101001.xsd#swks_IssuanceAndExpenseOfCommonSharesForStockPurchasePlans401KAndStockOptionPlansShares" xlink:label="swks_IssuanceAndExpenseOfCommonSharesForStockPurchasePlans401KAndStockOptionPlansShares" />
    <presentationArc xlink:type="arc" xlink:arcrole="http://www.xbrl.org/2003/arcrole/parent-child" xlink:from="loc_StatementLineItems" xlink:to="swks_IssuanceAndExpenseOfCommonSharesForStockPurchasePlans401KAndStockOptionPlansShares" order="0.3125" use="optional" preferredLabel="http://www.xbrl.org/2003/role/verboseLabel" priority="1" />
    <loc xlink:type="locator" xlink:href="http://taxonomies.xbrl.us/us-gaap/2009/elts/us-gaap-2009-01-31.xsd#us-gaap_OtherComprehensiveIncomeLossNetOfTaxPeriodIncreaseDecrease" xlink:label="loc_OtherComprehensiveIncomeLossNetOfTaxPeriodIncreaseDecrease" />
    <presentationArc xlink:type="arc" xlink:arcrole="http://www.xbrl.org/2003/arcrole/parent-child" xlink:from="loc_StatementLineItems" xlink:to="loc_OtherComprehensiveIncomeLossNetOfTaxPeriodIncreaseDecrease" order="0.05859375" use="optional" preferredLabel="http://www.xbrl.org/2003/role/totalLabel" />
    <loc xlink:type="locator" xlink:href="http://taxonomies.xbrl.us/us-gaap/2009/elts/us-gaap-2009-01-31.xsd#us-gaap_NetIncomeLoss" xlink:label="loc_NetIncomeLoss" />
    <presentationArc xlink:type="arc" xlink:arcrole="http://www.xbrl.org/2003/arcrole/parent-child" xlink:from="loc_StatementLineItems" xlink:to="loc_NetIncomeLoss" order="0.00732421875" use="optional" preferredLabel="http://www.xbrl.org/2003/role/terseLabel" />
    <loc xlink:type="locator" xlink:href="http://taxonomies.xbrl.us/us-gaap/2009/elts/us-gaap-2009-01-31.xsd#us-gaap_ComprehensiveIncomeNetOfTax" xlink:label="loc_ComprehensiveIncomeNetOfTax" />
    <presentationArc xlink:type="arc" xlink:arcrole="http://www.xbrl.org/2003/arcrole/parent-child" xlink:from="loc_StatementLineItems" xlink:to="loc_ComprehensiveIncomeNetOfTax" order="0.13671875" use="optional" preferredLabel="http://www.xbrl.org/2003/role/verboseLabel" />
    <loc xlink:type="locator" xlink:href="swks-20101001.xsd#swks_ImpairmentOfAuctionRateSecurity" xlink:label="swks_ImpairmentOfAuctionRateSecurity" />
    <presentationArc xlink:type="arc" xlink:arcrole="http://www.xbrl.org/2003/arcrole/parent-child" xlink:from="loc_StatementLineItems" xlink:to="swks_ImpairmentOfAuctionRateSecurity" order="0.0146484375" use="optional" preferredLabel="http://www.xbrl.org/2003/role/verboseLabel" priority="1" />
    <loc xlink:type="locator" xlink:href="http://taxonomies.xbrl.us/us-gaap/2009/elts/us-gaap-2009-01-31.xsd#us-gaap_OtherComprehensiveIncomeMinimumPensionLiabilityNetAdjustmentNetOfTax" xlink:label="loc_OtherComprehensiveIncomeMinimumPensionLiabilityNetAdjustmentNetOfTax" />
    <presentationArc xlink:type="arc" xlink:arcrole="http://www.xbrl.org/2003/arcrole/parent-child" xlink:from="loc_StatementLineItems" xlink:to="loc_OtherComprehensiveIncomeMinimumPensionLiabilityNetAdjustmentNetOfTax" order="0.018310546875" use="optional" preferredLabel="http://www.xbrl.org/2003/role/totalLabel" />
    <loc xlink:type="locator" xlink:href="http://taxonomies.xbrl.us/us-gaap/2009/elts/us-gaap-2009-01-31.xsd#us-gaap_RetainedEarningsMember" xlink:label="loc_RetainedEarningsMember" />
    <presentationArc xlink:type="arc" xlink:arcrole="http://www.xbrl.org/2003/arcrole/parent-child" xlink:from="loc_EquityComponentDomain" xlink:to="loc_RetainedEarningsMember" order="65" use="optional" />
    <loc xlink:type="locator" xlink:href="swks-20101001.xsd#swks_IssuanceAndExpenseOfCommonSharesForStockPurchasePlans401KAndStockOptionPlansValue" xlink:label="swks_IssuanceAndExpenseOfCommonSharesForStockPurchasePlans401KAndStockOptionPlansValue" />
    <presentationArc xlink:type="arc" xlink:arcrole="http://www.xbrl.org/2003/arcrole/parent-child" xlink:from="loc_StatementLineItems" xlink:to="swks_IssuanceAndExpenseOfCommonSharesForStockPurchasePlans401KAndStockOptionPlansValue" order="0.146484375" use="optional" preferredLabel="http://www.xbrl.org/2003/role/verboseLabel" priority="1" />
    <loc xlink:type="locator" xlink:href="swks-20101001.xsd#swks_IssuanceAndExpenseOfCommonSharesForRestrictedStockAndPerformanceSharesValue" xlink:label="swks_IssuanceAndExpenseOfCommonSharesForRestrictedStockAndPerformanceSharesValue" />
    <presentationArc xlink:type="arc" xlink:arcrole="http://www.xbrl.org/2003/arcrole/parent-child" xlink:from="loc_StatementLineItems" xlink:to="swks_IssuanceAndExpenseOfCommonSharesForRestrictedStockAndPerformanceSharesValue" order="0.46875" use="optional" preferredLabel="http://www.xbrl.org/2003/role/verboseLabel" priority="1" />
    <loc xlink:type="locator" xlink:href="swks-20101001.xsd#swks_SharesWithheldForTaxesValue" xlink:label="swks_SharesWithheldForTaxesValue" />
    <presentationArc xlink:type="arc" xlink:arcrole="http://www.xbrl.org/2003/arcrole/parent-child" xlink:from="loc_StatementLineItems" xlink:to="swks_SharesWithheldForTaxesValue" order="1.875" use="optional" preferredLabel="http://www.xbrl.org/2003/role/verboseLabel" priority="1" />
    <loc xlink:type="locator" xlink:href="http://taxonomies.xbrl.us/us-gaap/2009/elts/us-gaap-2009-01-31.xsd#us-gaap_SharesIssued" xlink:label="us-gaap_SharesIssued_2" />
    <presentationArc xlink:type="arc" xlink:arcrole="http://www.xbrl.org/2003/arcrole/parent-child" xlink:from="loc_StatementLineItems" xlink:to="us-gaap_SharesIssued_2" order="25" use="optional" preferredLabel="http://www.xbrl.org/2003/role/periodEndLabel" priority="1" />
    <loc xlink:type="locator" xlink:href="http://taxonomies.xbrl.us/us-gaap/2009/elts/us-gaap-2009-01-31.xsd#us-gaap_StockholdersEquity" xlink:label="us-gaap_StockholdersEquity_2" />
    <presentationArc xlink:type="arc" xlink:arcrole="http://www.xbrl.org/2003/arcrole/parent-child" xlink:from="loc_StatementLineItems" xlink:to="us-gaap_StockholdersEquity_2" order="15" use="optional" preferredLabel="http://www.xbrl.org/2003/role/periodEndLabel" priority="1" />
    <loc xlink:type="locator" xlink:href="http://taxonomies.xbrl.us/us-gaap/2009/elts/us-gaap-2009-01-31.xsd#us-gaap_AdjustmentsToAdditionalPaidInCapitalConvertibleDebtWithConversionFeature" xlink:label="loc_AdjustmentsToAdditionalPaidInCapitalConvertibleDebtWithConversionFeature" />
    <presentationArc xlink:type="arc" xlink:arcrole="http://www.xbrl.org/2003/arcrole/parent-child" xlink:from="loc_StatementLineItems" xlink:to="loc_AdjustmentsToAdditionalPaidInCapitalConvertibleDebtWithConversionFeature" order="0.390625" use="optional" preferredLabel="http://www.xbrl.org/2003/role/verboseLabel" />
    <loc xlink:type="locator" xlink:href="http://taxonomies.xbrl.us/us-gaap/2009/elts/us-gaap-2009-01-31.xsd#us-gaap_AdjustmentsToAdditionalPaidInCapitalTaxEffectFromShareBasedCompensation" xlink:label="loc_AdjustmentsToAdditionalPaidInCapitalTaxEffectFromShareBasedCompensation" />
    <presentationArc xlink:type="arc" xlink:arcrole="http://www.xbrl.org/2003/arcrole/parent-child" xlink:from="loc_StatementLineItems" xlink:to="loc_AdjustmentsToAdditionalPaidInCapitalTaxEffectFromShareBasedCompensation" order="0.4296875" use="optional" preferredLabel="http://www.xbrl.org/2003/role/verboseLabel" />
  </presentationLink>
  <presentationLink xlink:type="extended" xlink:role="http://skyworksinc.com/role/Inventory" xlink:title="0206 - Disclosure - Inventory">
    <loc xlink:type="locator" xlink:href="http://taxonomies.xbrl.us/us-gaap/2009/elts/us-gaap-2009-01-31.xsd#us-gaap_InventoryNetAbstract" xlink:label="loc_InventoryNetAbstract" />
    <loc xlink:type="locator" xlink:href="http://taxonomies.xbrl.us/us-gaap/2009/elts/us-gaap-2009-01-31.xsd#us-gaap_InventoryDisclosureTextBlock" xlink:label="loc_InventoryDisclosureTextBlock" />
    <presentationArc xlink:type="arc" xlink:arcrole="http://www.xbrl.org/2003/arcrole/parent-child" xlink:from="loc_InventoryNetAbstract" xlink:to="loc_InventoryDisclosureTextBlock" order="20" use="optional" preferredLabel="http://www.xbrl.org/2003/role/verboseLabel" priority="1" />
  </presentationLink>
  <presentationLink xlink:type="extended" xlink:role="http://skyworksinc.com/role/SummaryOfSignificantAccountingPolicies" xlink:title="0202 - Disclosure - Summary of Significant Accounting Policies">
    <loc xlink:type="locator" xlink:href="swks-20101001.xsd#swks_SummaryOfSignificantAccountingPoliciesAbstract" xlink:label="swks_SummaryOfSignificantAccountingPoliciesAbstract" />
    <loc xlink:type="locator" xlink:href="http://taxonomies.xbrl.us/us-gaap/2009/elts/us-gaap-2009-01-31.xsd#us-gaap_SignificantAccountingPoliciesTextBlock" xlink:label="loc_SignificantAccountingPoliciesTextBlock" />
    <presentationArc xlink:type="arc" xlink:arcrole="http://www.xbrl.org/2003/arcrole/parent-child" xlink:from="swks_SummaryOfSignificantAccountingPoliciesAbstract" xlink:to="loc_SignificantAccountingPoliciesTextBlock" order="20" use="optional" priority="1" preferredLabel="http://www.xbrl.org/2003/role/verboseLabel" />
  </presentationLink>
  <presentationLink xlink:type="extended" xlink:role="http://skyworksinc.com/role/BusinessCombinations" xlink:title="0203 - Disclosure - Business Combinations">
    <loc xlink:type="locator" xlink:href="swks-20101001.xsd#swks_BusinessCombinationsAbstract" xlink:label="swks_BusinessCombinationsAbstract" />
    <loc xlink:type="locator" xlink:href="http://taxonomies.xbrl.us/us-gaap/2009/elts/us-gaap-2009-01-31.xsd#us-gaap_BusinessCombinationDisclosureTextBlock" xlink:label="loc_BusinessCombinationDisclosureTextBlock" />
    <presentationArc xlink:type="arc" xlink:arcrole="http://www.xbrl.org/2003/arcrole/parent-child" xlink:from="swks_BusinessCombinationsAbstract" xlink:to="loc_BusinessCombinationDisclosureTextBlock" order="20" use="optional" priority="1" preferredLabel="http://www.xbrl.org/2003/role/verboseLabel" />
  </presentationLink>
  <presentationLink xlink:type="extended" xlink:role="http://skyworksinc.com/role/StockholdersEquity" xlink:title="0211 - Disclosure - Stockholders' Equity">
    <loc xlink:type="locator" xlink:href="http://taxonomies.xbrl.us/us-gaap/2009/elts/us-gaap-2009-01-31.xsd#us-gaap_StockholdersEquityNoteAbstract" xlink:label="loc_StockholdersEquityNoteAbstract" />
    <loc xlink:type="locator" xlink:href="http://taxonomies.xbrl.us/us-gaap/2009/elts/us-gaap-2009-01-31.xsd#us-gaap_StockholdersEquityNoteDisclosureTextBlock" xlink:label="loc_StockholdersEquityNoteDisclosureTextBlock" />
    <presentationArc xlink:type="arc" xlink:arcrole="http://www.xbrl.org/2003/arcrole/parent-child" xlink:from="loc_StockholdersEquityNoteAbstract" xlink:to="loc_StockholdersEquityNoteDisclosureTextBlock" order="20" use="optional" preferredLabel="http://www.xbrl.org/2003/role/verboseLabel" priority="1" />
  </presentationLink>
  <presentationLink xlink:type="extended" xlink:role="http://skyworksinc.com/role/SegmentInformationAndConcentrations" xlink:title="0218 - Disclosure - Segment Information and Concentrations">
    <loc xlink:type="locator" xlink:href="swks-20101001.xsd#swks_SegmentInformationAndConcentrationsAbstract" xlink:label="swks_SegmentInformationAndConcentrationsAbstract" />
    <loc xlink:type="locator" xlink:href="swks-20101001.xsd#swks_SegmentInformationAndConcentrationsTextBlock" xlink:label="swks_SegmentInformationAndConcentrationsTextBlock" />
    <presentationArc xlink:type="arc" xlink:arcrole="http://www.xbrl.org/2003/arcrole/parent-child" xlink:from="swks_SegmentInformationAndConcentrationsAbstract" xlink:to="swks_SegmentInformationAndConcentrationsTextBlock" order="10" use="optional" preferredLabel="http://www.xbrl.org/2003/role/verboseLabel" priority="1" />
  </presentationLink>
  <presentationLink xlink:type="extended" xlink:role="http://skyworksinc.com/role/EmployeeBenefitPlanPensionsAndOtherRetireeBenefits" xlink:title="0212 - Disclosure - Employee Benefit Plan, Pensions and Other Retiree Benefits">
    <loc xlink:type="locator" xlink:href="http://taxonomies.xbrl.us/us-gaap/2009/elts/us-gaap-2009-01-31.xsd#us-gaap_PensionAndOtherPostretirementBenefitExpenseAbstract" xlink:label="loc_PensionAndOtherPostretirementBenefitExpenseAbstract" />
    <loc xlink:type="locator" xlink:href="http://taxonomies.xbrl.us/us-gaap/2009/elts/us-gaap-2009-01-31.xsd#us-gaap_PensionAndOtherPostretirementBenefitsDisclosureTextBlock" xlink:label="loc_PensionAndOtherPostretirementBenefitsDisclosureTextBlock" />
    <presentationArc xlink:type="arc" xlink:arcrole="http://www.xbrl.org/2003/arcrole/parent-child" xlink:from="loc_PensionAndOtherPostretirementBenefitExpenseAbstract" xlink:to="loc_PensionAndOtherPostretirementBenefitsDisclosureTextBlock" order="20" use="optional" preferredLabel="http://www.xbrl.org/2003/role/verboseLabel" priority="1" />
  </presentationLink>
  <presentationLink xlink:type="extended" xlink:role="http://skyworksinc.com/role/Commitments" xlink:title="0213 - Disclosure - Commitments">
    <loc xlink:type="locator" xlink:href="swks-20101001.xsd#swks_CommitmentsAbstract" xlink:label="swks_CommitmentsAbstract" />
    <loc xlink:type="locator" xlink:href="http://taxonomies.xbrl.us/us-gaap/2009/elts/us-gaap-2009-01-31.xsd#us-gaap_CommitmentsDisclosureTextBlock" xlink:label="loc_CommitmentsDisclosureTextBlock" />
    <presentationArc xlink:type="arc" xlink:arcrole="http://www.xbrl.org/2003/arcrole/parent-child" xlink:from="swks_CommitmentsAbstract" xlink:to="loc_CommitmentsDisclosureTextBlock" order="20" use="optional" preferredLabel="http://www.xbrl.org/2003/role/verboseLabel" priority="1" />
  </presentationLink>
  <presentationLink xlink:type="extended" xlink:role="http://skyworksinc.com/role/GuaranteesAndIndemnities" xlink:title="0215 - Disclosure - Guarantees and Indemnities">
    <loc xlink:type="locator" xlink:href="swks-20101001.xsd#swks_GuaranteesAndIndemnitiesAbstract" xlink:label="swks_GuaranteesAndIndemnitiesAbstract" />
    <loc xlink:type="locator" xlink:href="http://taxonomies.xbrl.us/us-gaap/2009/elts/us-gaap-2009-01-31.xsd#us-gaap_ScheduleOfGuaranteeObligationsTextBlock" xlink:label="loc_ScheduleOfGuaranteeObligationsTextBlock" />
    <presentationArc xlink:type="arc" xlink:arcrole="http://www.xbrl.org/2003/arcrole/parent-child" xlink:from="swks_GuaranteesAndIndemnitiesAbstract" xlink:to="loc_ScheduleOfGuaranteeObligationsTextBlock" order="20" use="optional" priority="1" preferredLabel="http://www.xbrl.org/2003/role/verboseLabel" />
  </presentationLink>
  <presentationLink xlink:type="extended" xlink:role="http://skyworksinc.com/role/RestructuringAndOtherCharges" xlink:title="0216 - Disclosure - Restructuring and Other Charges">
    <loc xlink:type="locator" xlink:href="http://taxonomies.xbrl.us/us-gaap/2009/elts/us-gaap-2009-01-31.xsd#us-gaap_RestructuringSettlementAndImpairmentProvisionsAbstract" xlink:label="loc_RestructuringSettlementAndImpairmentProvisionsAbstract" />
    <loc xlink:type="locator" xlink:href="swks-20101001.xsd#swks_RestructuringAndOtherChargesTextBlock" xlink:label="swks_RestructuringAndOtherChargesTextBlock" />
    <presentationArc xlink:type="arc" xlink:arcrole="http://www.xbrl.org/2003/arcrole/parent-child" xlink:from="loc_RestructuringSettlementAndImpairmentProvisionsAbstract" xlink:to="swks_RestructuringAndOtherChargesTextBlock" order="10" use="optional" preferredLabel="http://www.xbrl.org/2003/role/verboseLabel" priority="1" />
  </presentationLink>
  <presentationLink xlink:type="extended" xlink:role="http://skyworksinc.com/role/QuarterlyFinancialData" xlink:title="0219 - Disclosure - Quarterly Financial Data (Unaudited)">
    <loc xlink:type="locator" xlink:href="http://taxonomies.xbrl.us/us-gaap/2009/elts/us-gaap-2009-01-31.xsd#us-gaap_QuarterlyFinancialDataAbstract" xlink:label="loc_QuarterlyFinancialDataAbstract" />
    <loc xlink:type="locator" xlink:href="http://taxonomies.xbrl.us/us-gaap/2009/elts/us-gaap-2009-01-31.xsd#us-gaap_QuarterlyFinancialInformationTextBlock" xlink:label="loc_QuarterlyFinancialInformationTextBlock" />
    <presentationArc xlink:type="arc" xlink:arcrole="http://www.xbrl.org/2003/arcrole/parent-child" xlink:from="loc_QuarterlyFinancialDataAbstract" xlink:to="loc_QuarterlyFinancialInformationTextBlock" order="20" use="optional" priority="1" preferredLabel="http://www.xbrl.org/2003/role/verboseLabel" />
  </presentationLink>
  <presentationLink xlink:type="extended" xlink:role="http://skyworksinc.com/role/ValuationAndQualifyingAccounts" xlink:title="0301 - Schedule - Valuation and Qualifying Accounts">
    <loc xlink:type="locator" xlink:href="swks-20101001.xsd#swks_ValuationAndQualifyingAccountsAbstract" xlink:label="swks_ValuationAndQualifyingAccountsAbstract" />
    <loc xlink:type="locator" xlink:href="http://taxonomies.xbrl.us/us-gaap/2009/elts/us-gaap-2009-01-31.xsd#us-gaap_ScheduleOfValuationAndQualifyingAccountsDisclosureTextBlock" xlink:label="loc_ScheduleOfValuationAndQualifyingAccountsDisclosureTextBlock" />
    <presentationArc xlink:type="arc" xlink:arcrole="http://www.xbrl.org/2003/arcrole/parent-child" xlink:from="swks_ValuationAndQualifyingAccountsAbstract" xlink:to="loc_ScheduleOfValuationAndQualifyingAccountsDisclosureTextBlock" order="20" use="optional" priority="1" preferredLabel="http://www.xbrl.org/2003/role/verboseLabel" />
  </presentationLink>
  <presentationLink xlink:type="extended" xlink:role="http://skyworksinc.com/role/Contingencies" xlink:title="0214 - Disclosure - Contingencies">
    <loc xlink:type="locator" xlink:href="swks-20101001.xsd#swks_ContingenciesAbstract" xlink:label="swks_ContingenciesAbstract" />
    <loc xlink:type="locator" xlink:href="swks-20101001.xsd#swks_ContingenciesTextBlock" xlink:label="swks_ContingenciesTextBlock" />
    <presentationArc xlink:type="arc" xlink:arcrole="http://www.xbrl.org/2003/arcrole/parent-child" xlink:from="swks_ContingenciesAbstract" xlink:to="swks_ContingenciesTextBlock" order="20" use="optional" preferredLabel="http://www.xbrl.org/2003/role/verboseLabel" priority="1" />
  </presentationLink>
</linkbase>
